"sku","image","images"
"B0CTQ6LPT5","","[""/uploads/5d6ec6cf7297e8cd.jpg"",""/uploads/961539b475b2f8c6.jpg""]"
"B0CTQCPWGZ","","[""/uploads/a25af3f24ab6574d.jpg"",""/uploads/3036ab29b1e4c575.jpg""]"
"B0CTQB14CH","","[""/uploads/30052dc4d482fd14.jpg"",""/uploads/6fb96443d7cd925f.jpg""]"
"B0CTQ7DHT9","","[""/uploads/a63e6b1c20d5e96a.jpg"",""/uploads/04368ce907e7e28b.jpg""]"
"B0CTQ1CZ4W","","[""/uploads/c61d33f946cca60d.jpg"",""/uploads/d8c4140a1eb52eb2.jpg""]"
"B0CTQ3Z6K4","","[""/uploads/e37fc6ee330a2462.jpg"",""/uploads/5c0e4a97c78df949.jpg""]"
"B0CTQ67B3V","","[""/uploads/5678238b1d7e454e.jpg"",""/uploads/18a72c613cd444ce.jpg""]"
"B0CTQF87YN","","[""/uploads/ee3fc6ca9457ff4c.jpg"",""/uploads/78f1906c07ad8015.jpg""]"
"B0CTQLBV6F","","[""/uploads/2e7a6102e895c53f.jpg"",""/uploads/57a56316788788c0.jpg""]"
"B0CTQ87BKK","","[""/uploads/b6ff920bb5882ea7.jpg"",""/uploads/4ba0b761f4f12c53.jpg""]"
"B0CTQB3XF7","","[""/uploads/ebf9e1fca53f4d64.jpg"",""/uploads/dd06f8bb7d49dedc.jpg""]"
"B0CRVHCDGY","","[""/uploads/477d0eb9e9450941.jpg"",""/uploads/996b97c402a51734.jpg""]"
"B0CRVDZBPF","","[""/uploads/52a5052315086ba2.jpg"",""/uploads/f5a504b6988e961a.jpg""]"
"B0CVX68HLW","","[""/uploads/9fae4be7702dc336.jpg"",""/uploads/1523de7f6f370555.jpg""]"
"B0CV7BGLQH","","[""/uploads/88cbb2ced5220c29.jpg"",""/uploads/83a350bd20ba4bcf.jpg""]"
"B0CRV9M358","","[""/uploads/74db3cfe6b5b2836.jpg"",""/uploads/d7990177c31955f2.jpg""]"
"B0CRV85XV4","","[""/uploads/6a179fd01c8eb98b.jpg"",""/uploads/819185caf54e17ab.jpg"",""/uploads/57e2c0e82b0249bc.jpg""]"
"B0DJ2H4KGL","","[""/uploads/965e01e01008de06.jpg"",""/uploads/fae04907d3ef355b.jpg"",""/uploads/49a06c62822a8cf7.jpg"",""/uploads/ab018c338b8ec962.jpg"",""/uploads/e4429ede56d22d1c.jpg"",""/uploads/d89078e6bc602636.jpg"",""/uploads/065a8fbf0f12bef0.jpg""]"
"B0DJ2GPVZJ","","[""/uploads/b635f22ac8340bba.jpg"",""/uploads/fae04907d3ef355b.jpg"",""/uploads/49a06c62822a8cf7.jpg"",""/uploads/ab018c338b8ec962.jpg"",""/uploads/e4429ede56d22d1c.jpg"",""/uploads/d89078e6bc602636.jpg"",""/uploads/065a8fbf0f12bef0.jpg""]"
"B0DJ2DT76J","","[""/uploads/dea52b6ab9a1fcee.jpg"",""/uploads/fae04907d3ef355b.jpg"",""/uploads/49a06c62822a8cf7.jpg"",""/uploads/ab018c338b8ec962.jpg"",""/uploads/e4429ede56d22d1c.jpg"",""/uploads/d89078e6bc602636.jpg"",""/uploads/065a8fbf0f12bef0.jpg""]"
"B0DH7Z3JJF","","[""/uploads/5620cfd2e667e571.jpg"",""/uploads/043bbf52ca54eec8.jpg"",""/uploads/2498f82bfea1674a.jpg"",""/uploads/b9e2e1dcb3f53e32.jpg"",""/uploads/07f57a2ca5964fd7.jpg"",""/uploads/0b3fb8b986262e45.jpg"",""/uploads/e4fabdaf2744c7ce.jpg""]"
"B0DFHM3JL9","","[""/uploads/09b9f113b501ee22.jpg"",""/uploads/043bbf52ca54eec8.jpg"",""/uploads/2498f82bfea1674a.jpg"",""/uploads/b9e2e1dcb3f53e32.jpg"",""/uploads/07f57a2ca5964fd7.jpg"",""/uploads/0b3fb8b986262e45.jpg"",""/uploads/e4fabdaf2744c7ce.jpg""]"
"B0CJ7YRG2H","","[""/uploads/09d26b5c7670f39a.jpg"",""/uploads/e3f25e956eacbd17.jpg"",""/uploads/fe87f0eeccf1f021.jpg"",""/uploads/74a9f07d8626eb14.jpg"",""/uploads/9d1b10a864ceea4d.jpg"",""/uploads/d9aad6fd28c8a376.jpg""]"
"B0CJ7Z4XBT","","[""/uploads/9b3df78e4b000abe.jpg"",""/uploads/9433ed3a88adcd3a.jpg"",""/uploads/ef5cafb595700c20.jpg"",""/uploads/74a9f07d8626eb14.jpg"",""/uploads/fe87f0eeccf1f021.jpg"",""/uploads/9d1b10a864ceea4d.jpg"",""/uploads/d9aad6fd28c8a376.jpg""]"
"B0CJ7YS75Q","","[""/uploads/049e7e7c7600293f.jpg"",""/uploads/43395cbffb337492.jpg"",""/uploads/ef5cafb595700c20.jpg"",""/uploads/74a9f07d8626eb14.jpg"",""/uploads/fe87f0eeccf1f021.jpg"",""/uploads/9d1b10a864ceea4d.jpg"",""/uploads/d9aad6fd28c8a376.jpg""]"
"B0CJ7XH5L9","","[""/uploads/22c41381ecfff515.jpg"",""/uploads/f3778ffb33932e19.jpg"",""/uploads/ef5cafb595700c20.jpg"",""/uploads/74a9f07d8626eb14.jpg"",""/uploads/fe87f0eeccf1f021.jpg"",""/uploads/9d1b10a864ceea4d.jpg"",""/uploads/d9aad6fd28c8a376.jpg""]"
"B0CJ88CBZR","","[""/uploads/b6b07c532e8a39a5.jpg"",""/uploads/785d568e5eef526c.jpg"",""/uploads/5a439477f59c244e.jpg"",""/uploads/db725355fb118a98.jpg"",""/uploads/3441d347e4131d04.jpg"",""/uploads/45f130c2756c96d5.jpg""]"
"B0CJ87Y4F4","","[""/uploads/8c415ba0dbc077fc.jpg"",""/uploads/4a039f2806504210.jpg"",""/uploads/3c20b8ed1392c865.jpg"",""/uploads/db725355fb118a98.jpg"",""/uploads/f75df382739c12eb.jpg"",""/uploads/2f90f1f31216df76.jpg"",""/uploads/d4336660649bd2cf.jpg""]"
"B0CJ87HZHZ","","[""/uploads/1722ce723910f4e3.jpg"",""/uploads/45227e442142fe1d.jpg"",""/uploads/fdaf036fc6d9f991.jpg"",""/uploads/db725355fb118a98.jpg"",""/uploads/1451b6856c775789.jpg"",""/uploads/bab0f3387cd6d174.jpg"",""/uploads/72e7e65cfdb645e9.jpg""]"
"B0CJ88D1ZL","","[""/uploads/cc1c0e28a997412e.jpg"",""/uploads/d0e97e44f74956d4.jpg"",""/uploads/21c9b18e436314b1.jpg"",""/uploads/db725355fb118a98.jpg"",""/uploads/ae260e506e052aaf.jpg"",""/uploads/7171e3120a630fb7.jpg"",""/uploads/43faf5e5d51f0aec.jpg""]"
"B0CJ88H931","","[""/uploads/c12c7e1fe2328727.jpg"",""/uploads/024f4678062dbe2e.jpg"",""/uploads/d3054d13a90a813d.jpg"",""/uploads/c00c06a167d97e0e.jpg"",""/uploads/8106b4814fde7b84.jpg"",""/uploads/ed59dea6eff3f5fb.jpg""]"
"B0CJ818CQY","","[""/uploads/d7331356d1fbecdc.jpg"",""/uploads/23d08edc64e53746.jpg"",""/uploads/ad8dcc37dc1597e8.jpg"",""/uploads/1466799ae5453c6e.jpg"",""/uploads/2394271f46b085fa.jpg"",""/uploads/14425cddd057f3a5.jpg""]"
"B0CJ87YLG7","","[""/uploads/c12c7e1fe2328727.jpg"",""/uploads/024f4678062dbe2e.jpg"",""/uploads/d3054d13a90a813d.jpg"",""/uploads/c00c06a167d97e0e.jpg"",""/uploads/8106b4814fde7b84.jpg"",""/uploads/ed59dea6eff3f5fb.jpg""]"
"B0CJ8ZGCSW","","[""/uploads/04bc350612f93f21.jpg"",""/uploads/c2dcba18fa78e979.jpg"",""/uploads/9deec70efa3ec7b3.jpg"",""/uploads/0ca4bd1ad93ae003.jpg"",""/uploads/59680612b69dd006.jpg"",""/uploads/b91ce8cb63a200d5.jpg"",""/uploads/d5564bf5cb75fba6.jpg""]"
"B0CJ8ZBYPM","","[""/uploads/8560388872240667.jpg"",""/uploads/c2dcba18fa78e979.jpg"",""/uploads/9deec70efa3ec7b3.jpg"",""/uploads/0ca4bd1ad93ae003.jpg"",""/uploads/59680612b69dd006.jpg"",""/uploads/b91ce8cb63a200d5.jpg"",""/uploads/d5564bf5cb75fba6.jpg""]"
"B0CJ8ZSRRN","","[""/uploads/8b7f34e4332da2a4.jpg"",""/uploads/c2dcba18fa78e979.jpg"",""/uploads/9deec70efa3ec7b3.jpg"",""/uploads/0ca4bd1ad93ae003.jpg"",""/uploads/59680612b69dd006.jpg"",""/uploads/b91ce8cb63a200d5.jpg"",""/uploads/d5564bf5cb75fba6.jpg""]"
"B0CJ8Z27DW","","[""/uploads/6a59ad23cb4045e2.jpg"",""/uploads/c2dcba18fa78e979.jpg"",""/uploads/59680612b69dd006.jpg"",""/uploads/0ca4bd1ad93ae003.jpg"",""/uploads/b91ce8cb63a200d5.jpg"",""/uploads/d5564bf5cb75fba6.jpg""]"
"B0CJ8VTLPK","","[""/uploads/99512e7445e41349.jpg"",""/uploads/c2dcba18fa78e979.jpg"",""/uploads/9deec70efa3ec7b3.jpg"",""/uploads/0ca4bd1ad93ae003.jpg"",""/uploads/59680612b69dd006.jpg"",""/uploads/b91ce8cb63a200d5.jpg"",""/uploads/d5564bf5cb75fba6.jpg""]"
"B0CJ8Y5GGS","","[""/uploads/e6f8af5dcf1458bc.jpg"",""/uploads/c2dcba18fa78e979.jpg"",""/uploads/9deec70efa3ec7b3.jpg"",""/uploads/0ca4bd1ad93ae003.jpg"",""/uploads/59680612b69dd006.jpg"",""/uploads/b91ce8cb63a200d5.jpg"",""/uploads/d5564bf5cb75fba6.jpg""]"
"B0CJ8YQ6F3","","[""/uploads/eef0b7024bd54d69.jpg"",""/uploads/c2dcba18fa78e979.jpg"",""/uploads/9deec70efa3ec7b3.jpg"",""/uploads/0ca4bd1ad93ae003.jpg"",""/uploads/59680612b69dd006.jpg"",""/uploads/b91ce8cb63a200d5.jpg"",""/uploads/d5564bf5cb75fba6.jpg""]"
"B0CJ8WV4LX","","[""/uploads/7aeb79a173930408.jpg"",""/uploads/c2dcba18fa78e979.jpg"",""/uploads/59680612b69dd006.jpg"",""/uploads/0ca4bd1ad93ae003.jpg"",""/uploads/b91ce8cb63a200d5.jpg"",""/uploads/d5564bf5cb75fba6.jpg""]"
"B0CPPH8GXB","","[""/uploads/3ac784c7e2b66cff.jpg"",""/uploads/b0192a5b0566b901.jpg"",""/uploads/53be415c64d34f34.jpg"",""/uploads/52fc6c588a5d0d4c.jpg""]"
"B0CPPHB65Q","","[""/uploads/00ca01ac4a9fd6d9.jpg"",""/uploads/5ac064471b7d15ae.jpg"",""/uploads/080e900129518434.jpg"",""/uploads/421d74e9ba64fe74.jpg"",""/uploads/53be415c64d34f34.jpg"",""/uploads/18688a37f0aabf87.jpg""]"
"B0CPPH7T3Y","","[""/uploads/ab516db2397f416d.jpg"",""/uploads/f3bc80cc8ed0ee8d.jpg"",""/uploads/6e384228765f8043.jpg"",""/uploads/aea0b3e462c09c1f.jpg"",""/uploads/53be415c64d34f34.jpg""]"
"B0CPPSCC9Q","","[""/uploads/16136824d8951599.jpg"",""/uploads/ad01607cd19d8143.jpg"",""/uploads/986c5700dc1babd1.jpg"",""/uploads/c5c2bde3a88ac8b3.jpg"",""/uploads/273ef32c7b846c85.jpg"",""/uploads/fc316319b0ca202f.jpg""]"
"B0CPPSVDSC","","[""/uploads/cbff7e1f579376d9.jpg"",""/uploads/139f6b4de420765c.jpg"",""/uploads/f4502d1bf6de3e8c.jpg"",""/uploads/e11f082a2b805e53.jpg"",""/uploads/f72eb0551814b40b.jpg"",""/uploads/6ff64133117339aa.jpg"",""/uploads/a561598c5e275a3d.jpg""]"
"B0CPPSHY2X","","[""/uploads/f505bf8ba129ffde.jpg"",""/uploads/caf5142fc1c3867e.jpg"",""/uploads/b898796a4845709d.jpg"",""/uploads/cb2d8d8d890610b4.jpg"",""/uploads/04283b9a2c432674.jpg"",""/uploads/d2bf63047d64aae1.jpg"",""/uploads/d46de5d75950ef19.jpg""]"
"B0CPPSSTBD","","[""/uploads/163c98798e2806df.jpg"",""/uploads/0395b8d63af733f6.jpg"",""/uploads/42324c6c68a0d44c.jpg"",""/uploads/30d7444b9559a4b6.jpg"",""/uploads/5a9a5f6554b4e9c9.jpg"",""/uploads/7d26fb46ad8303a6.jpg"",""/uploads/fe1c223b9ce7deb7.jpg""]"
"B0CPPXJF9X","","[""/uploads/db62d1ea7eefbafd.jpg"",""/uploads/d3c327bd3e41a22a.jpg"",""/uploads/d30939fe705abc17.jpg"",""/uploads/8df9de54a5edcc1a.jpg"",""/uploads/bb198d5168938900.jpg"",""/uploads/11ee0e7991d7e38c.jpg""]"
"B0CPPWWDP8","","[""/uploads/28e5a569d303bea3.jpg"",""/uploads/a65f214cf07215fc.jpg"",""/uploads/c499a530e6d88d89.jpg"",""/uploads/0bf07bae0d44af27.jpg""]"
"B0CPPWGB6Y","","[""/uploads/4cb3468bd486e001.jpg"",""/uploads/88c70ca961337435.jpg"",""/uploads/9c22d8c9323b0171.jpg"",""/uploads/359ff92593f1b421.jpg"",""/uploads/6a27941f1b7a4096.jpg"",""/uploads/d0ff93c37f15c471.jpg""]"
"B0CPSF9X9Y","","[""/uploads/9549833ffdde5daa.jpg"",""/uploads/e406763d1228d19a.jpg"",""/uploads/9cb3f21c8fec3e02.jpg"",""/uploads/246c470fa52051b3.jpg"",""/uploads/a1a7ef5cba195ee5.jpg"",""/uploads/df976bd4978930c4.jpg""]"
"B0CPSDKS3Q","","[""/uploads/dc656db230e22dc6.jpg"",""/uploads/68ca0600141dbf71.jpg"",""/uploads/b778ecf8289c7606.jpg"",""/uploads/b19740636fd43eda.jpg"",""/uploads/7dc466de9b36164f.jpg"",""/uploads/a1a7ef5cba195ee5.jpg"",""/uploads/df976bd4978930c4.jpg""]"
"B0CLK9FVC4","","[""/uploads/371295b5619518d9.jpg"",""/uploads/6da0b913bb819767.jpg"",""/uploads/5a9718eb85f68c87.jpg"",""/uploads/cd2d9a8ea9cdbb08.jpg"",""/uploads/593d216a8cc91e28.jpg"",""/uploads/8b6f6aeb454cd9ad.jpg"",""/uploads/7743c9402714c8dc.jpg""]"
"B0CLK9SGR8","","[""/uploads/afc6d2d5f3c4c376.jpg"",""/uploads/04a17ed56a00b464.jpg"",""/uploads/86b01b7bc025cf37.jpg"",""/uploads/37d77a225888b153.jpg"",""/uploads/08cdf9a4cf388b3d.jpg"",""/uploads/e53ffde61817cb9e.jpg"",""/uploads/74c011664a788f82.jpg""]"
"B0CLK8YYGK","","[""/uploads/13fa300013e91469.jpg"",""/uploads/09c0535d00aba9b2.jpg"",""/uploads/9d8a2b79494d9a7b.jpg"",""/uploads/3632fc25da4ba341.jpg"",""/uploads/e55a02b2a0dcd3ce.jpg"",""/uploads/bb26fa14af30ed2f.jpg"",""/uploads/2fccb5658059a7a1.jpg""]"
"B0CLK9VSNF","","[""/uploads/436c77a68158107c.jpg"",""/uploads/4fb6c06e019856e0.jpg"",""/uploads/6fcf29e9c72a094d.jpg"",""/uploads/c1bb43c340170369.jpg"",""/uploads/eb0328a8c4f24343.jpg"",""/uploads/23118d078dc96f85.jpg""]"
"B0CLK8YTZP","","[""/uploads/ec225bf1d92635cc.jpg"",""/uploads/89237969ec24cabe.jpg"",""/uploads/5f15640095cc5031.jpg"",""/uploads/062f6e42cde40877.jpg"",""/uploads/a6210b95ba4a87fa.jpg"",""/uploads/40ff381546aaa994.jpg"",""/uploads/5db4893c56464b3d.jpg""]"
"B0CPPV5DNP","","[""/uploads/afc6d2d5f3c4c376.jpg"",""/uploads/04a17ed56a00b464.jpg"",""/uploads/86b01b7bc025cf37.jpg"",""/uploads/37d77a225888b153.jpg"",""/uploads/08cdf9a4cf388b3d.jpg"",""/uploads/e53ffde61817cb9e.jpg"",""/uploads/74c011664a788f82.jpg""]"
"B0CLKHY1Y1","","[""/uploads/1a8d25c74075c417.jpg"",""/uploads/92c58487dbf8c936.jpg"",""/uploads/c1baa42244c397aa.jpg"",""/uploads/1460878619805b03.jpg"",""/uploads/da558a69652353e4.jpg"",""/uploads/b1c91e2737bce447.jpg"",""/uploads/1742242b93956f32.jpg""]"
"B0CLKJTNVW","","[""/uploads/4d6b25d4a7655dff.jpg"",""/uploads/92c58487dbf8c936.jpg"",""/uploads/c1baa42244c397aa.jpg"",""/uploads/1460878619805b03.jpg"",""/uploads/da558a69652353e4.jpg"",""/uploads/b1c91e2737bce447.jpg"",""/uploads/1742242b93956f32.jpg""]"
"B0CLKK7DYX","","[""/uploads/55d1d4aefd434c11.jpg"",""/uploads/92c58487dbf8c936.jpg"",""/uploads/da558a69652353e4.jpg"",""/uploads/1460878619805b03.jpg"",""/uploads/b1c91e2737bce447.jpg"",""/uploads/1742242b93956f32.jpg""]"
"B0CLKJM3KH","","[""/uploads/7e6c698c79c5b023.jpg"",""/uploads/92c58487dbf8c936.jpg"",""/uploads/c1baa42244c397aa.jpg"",""/uploads/1460878619805b03.jpg"",""/uploads/da558a69652353e4.jpg"",""/uploads/b1c91e2737bce447.jpg"",""/uploads/1742242b93956f32.jpg""]"
"B0CLRFB9PH","","[""/uploads/e054292a9c88ae54.jpg"",""/uploads/7eff0d57737d2b88.jpg"",""/uploads/4dd92e3439ced2e0.jpg"",""/uploads/16418005e782aad7.jpg"",""/uploads/c742e3da618e2ccd.jpg"",""/uploads/adce9ac8d933eb26.jpg""]"
"B0CLRHND4W","","[""/uploads/538a94e3d307c8b3.jpg"",""/uploads/559644e0abcad609.jpg"",""/uploads/c60e39b21a2c612c.jpg"",""/uploads/a652ea033ee60c6a.jpg"",""/uploads/4dd92e3439ced2e0.jpg"",""/uploads/684d18c1c7ed538a.jpg"",""/uploads/337fddeefc033c8d.jpg""]"
"B0CLRF71TM","","[""/uploads/491d5fea1b2de688.jpg"",""/uploads/231c1994e0c6df76.jpg"",""/uploads/093af79dcc703d07.jpg"",""/uploads/bae14dc0f2865c67.jpg"",""/uploads/92caafe9334bab8a.jpg"",""/uploads/874b054b042d0686.jpg"",""/uploads/f2a95081c574a90d.jpg""]"
"B0CLRFZ3FZ","","[""/uploads/443791a1ca7b0c53.jpg"",""/uploads/012f8b48cafef506.jpg"",""/uploads/7bfdb7c8c8b4108c.jpg"",""/uploads/2250dc81293d1000.jpg""]"
"B0CLRGJTDM","","[""/uploads/8bfe9b1317b1ef7e.jpg"",""/uploads/9a7bc1b09241a1fc.jpg"",""/uploads/45dfdf5d018b47e7.jpg"",""/uploads/8f7930db9864a161.jpg"",""/uploads/8f02cd8e069186c9.jpg"",""/uploads/1796d2dc4784ae7a.jpg"",""/uploads/3b54d26c06a0cb10.jpg""]"
"B0CPSHSZ37","","[""/uploads/c2b127e751699b8c.jpg"",""/uploads/9de4d7625721e7e7.jpg"",""/uploads/76b6655d8a43a311.jpg"",""/uploads/6ac541ecae33e308.jpg"",""/uploads/ba807f6836a1df0a.jpg"",""/uploads/86afb805f1d21238.jpg"",""/uploads/3c760292d76caeee.jpg""]"
"B0CPSLV6CB","","[""/uploads/c2b127e751699b8c.jpg"",""/uploads/9de4d7625721e7e7.jpg"",""/uploads/19d76cd4c82c0124.jpg"",""/uploads/6ac541ecae33e308.jpg"",""/uploads/ba807f6836a1df0a.jpg"",""/uploads/86afb805f1d21238.jpg"",""/uploads/3c760292d76caeee.jpg""]"
"B0CPSGWLR5","","[""/uploads/c2b127e751699b8c.jpg"",""/uploads/9de4d7625721e7e7.jpg"",""/uploads/ba807f6836a1df0a.jpg"",""/uploads/76b6655d8a43a311.jpg"",""/uploads/86afb805f1d21238.jpg"",""/uploads/3c760292d76caeee.jpg""]"
"B0CPSJZ53C","","[""/uploads/c2b127e751699b8c.jpg"",""/uploads/9de4d7625721e7e7.jpg"",""/uploads/19d76cd4c82c0124.jpg"",""/uploads/6ac541ecae33e308.jpg"",""/uploads/ba807f6836a1df0a.jpg"",""/uploads/86afb805f1d21238.jpg"",""/uploads/3c760292d76caeee.jpg""]"
"B0CPSYK4CV","","[""/uploads/039d2cf0d486153c.jpg"",""/uploads/da6495c4bf528289.jpg"",""/uploads/db2d084321e80924.jpg"",""/uploads/6fcc7b444d2a8825.jpg"",""/uploads/8b801d141f7065ad.jpg"",""/uploads/06e981ed818a6dfb.jpg"",""/uploads/d0ac7aafd4027038.jpg""]"
"B0CPSWVRWR","","[""/uploads/039d2cf0d486153c.jpg"",""/uploads/da6495c4bf528289.jpg"",""/uploads/db2d084321e80924.jpg"",""/uploads/6fcc7b444d2a8825.jpg"",""/uploads/8b801d141f7065ad.jpg"",""/uploads/06e981ed818a6dfb.jpg"",""/uploads/d0ac7aafd4027038.jpg""]"
"B0CPSYQMCB","","[""/uploads/039d2cf0d486153c.jpg"",""/uploads/da6495c4bf528289.jpg"",""/uploads/8b801d141f7065ad.jpg"",""/uploads/6fcc7b444d2a8825.jpg"",""/uploads/06e981ed818a6dfb.jpg"",""/uploads/d0ac7aafd4027038.jpg""]"
"B0CPSXJMLL","","[""/uploads/039d2cf0d486153c.jpg"",""/uploads/da6495c4bf528289.jpg"",""/uploads/db2d084321e80924.jpg"",""/uploads/6fcc7b444d2a8825.jpg"",""/uploads/8b801d141f7065ad.jpg"",""/uploads/06e981ed818a6dfb.jpg"",""/uploads/d0ac7aafd4027038.jpg""]"
"B0CPT179YP","","[""/uploads/039d2cf0d486153c.jpg"",""/uploads/da6495c4bf528289.jpg"",""/uploads/db2d084321e80924.jpg"",""/uploads/6fcc7b444d2a8825.jpg"",""/uploads/8b801d141f7065ad.jpg"",""/uploads/06e981ed818a6dfb.jpg"",""/uploads/d0ac7aafd4027038.jpg""]"
"B0CPT2FG9Y","","[""/uploads/edf776766c3318ab.jpg"",""/uploads/c42605619a90fbc1.jpg"",""/uploads/2999f432b90ae606.jpg"",""/uploads/9e493b3972953ece.jpg"",""/uploads/6e0d5dfb37b67897.jpg"",""/uploads/e05d94f5c8ae822e.jpg""]"
"B0CPT35ZD6","","[""/uploads/edf776766c3318ab.jpg"",""/uploads/c42605619a90fbc1.jpg"",""/uploads/83b790b024b540cd.jpg"",""/uploads/9e493b3972953ece.jpg"",""/uploads/2999f432b90ae606.jpg"",""/uploads/6e0d5dfb37b67897.jpg"",""/uploads/e05d94f5c8ae822e.jpg""]"
"B0CPT2NR39","","[""/uploads/edf776766c3318ab.jpg"",""/uploads/c42605619a90fbc1.jpg"",""/uploads/83b790b024b540cd.jpg"",""/uploads/9e493b3972953ece.jpg"",""/uploads/2999f432b90ae606.jpg"",""/uploads/6e0d5dfb37b67897.jpg"",""/uploads/e05d94f5c8ae822e.jpg""]"
"B0CPT2VJV6","","[""/uploads/edf776766c3318ab.jpg"",""/uploads/c42605619a90fbc1.jpg"",""/uploads/83b790b024b540cd.jpg"",""/uploads/9e493b3972953ece.jpg"",""/uploads/2999f432b90ae606.jpg"",""/uploads/6e0d5dfb37b67897.jpg"",""/uploads/e05d94f5c8ae822e.jpg""]"
"B0CPT3WCVS","","[""/uploads/edf776766c3318ab.jpg"",""/uploads/c42605619a90fbc1.jpg"",""/uploads/83b790b024b540cd.jpg"",""/uploads/9e493b3972953ece.jpg"",""/uploads/2999f432b90ae606.jpg"",""/uploads/6e0d5dfb37b67897.jpg"",""/uploads/e05d94f5c8ae822e.jpg""]"
"B0CPYDGLY8","","[""/uploads/d5a4c384d784fa45.jpg"",""/uploads/4e89cc305d876724.jpg"",""/uploads/ba412cea953af98c.jpg"",""/uploads/9aec61381dec7113.jpg"",""/uploads/298f5c5222097a0f.jpg"",""/uploads/5e795861688cd468.jpg""]"
"B0CPYDG9TF","","[""/uploads/d5a4c384d784fa45.jpg"",""/uploads/4e89cc305d876724.jpg"",""/uploads/df79da38e59a8822.jpg"",""/uploads/9aec61381dec7113.jpg"",""/uploads/ba412cea953af98c.jpg"",""/uploads/298f5c5222097a0f.jpg"",""/uploads/5e795861688cd468.jpg""]"
"B0CPYFYQHC","","[""/uploads/d5a4c384d784fa45.jpg"",""/uploads/4e89cc305d876724.jpg"",""/uploads/df79da38e59a8822.jpg"",""/uploads/9aec61381dec7113.jpg"",""/uploads/ba412cea953af98c.jpg"",""/uploads/298f5c5222097a0f.jpg"",""/uploads/5e795861688cd468.jpg""]"
"B0CPYFLP9J","","[""/uploads/d5a4c384d784fa45.jpg"",""/uploads/4e89cc305d876724.jpg"",""/uploads/df79da38e59a8822.jpg"",""/uploads/9aec61381dec7113.jpg"",""/uploads/ba412cea953af98c.jpg"",""/uploads/298f5c5222097a0f.jpg"",""/uploads/5e795861688cd468.jpg""]"
"B0CPYF46WH","","[""/uploads/d5a4c384d784fa45.jpg"",""/uploads/4e89cc305d876724.jpg"",""/uploads/df79da38e59a8822.jpg"",""/uploads/9aec61381dec7113.jpg"",""/uploads/ba412cea953af98c.jpg"",""/uploads/298f5c5222097a0f.jpg"",""/uploads/5e795861688cd468.jpg""]"
"B0CPV2PSKR","","[""/uploads/7f7eed53d5dc2dce.jpg"",""/uploads/85e0d91e8b531bd6.jpg""]"
"B0CPV3HTS4","","[""/uploads/1dca32c1275870a6.jpg"",""/uploads/6eb71ecdf292f9da.jpg"",""/uploads/18dd91dba291d11c.jpg"",""/uploads/2f4e95f469fa95f6.jpg"",""/uploads/88ff0d136476d092.jpg"",""/uploads/54d5a8dc12e2202e.jpg"",""/uploads/118c0b95df4daafe.jpg""]"
"B0CPV2F5NJ","","[""/uploads/bd32aa5d3f216db5.jpg"",""/uploads/b7c118cef9a30ffa.jpg"",""/uploads/ca6bc82ecb8a6e20.jpg"",""/uploads/2aff5491a3e66084.jpg"",""/uploads/f3a78d7d7be1e7dd.jpg"",""/uploads/608414aeda659c46.jpg"",""/uploads/0d26259da34e83ec.jpg""]"
"B0CPTYB3SS","","[""/uploads/de22728b1e902ae7.jpg"",""/uploads/8764fc8d652fbf03.jpg"",""/uploads/bf28b05c2f72115d.jpg"",""/uploads/b7d034a3b10c7075.jpg"",""/uploads/0278dce3cf5b0028.jpg"",""/uploads/f889ea000e580bb0.jpg"",""/uploads/dce0584dd7813aa7.jpg""]"
"B0CPV4J9NQ","","[""/uploads/de22728b1e902ae7.jpg"",""/uploads/8764fc8d652fbf03.jpg"",""/uploads/bf28b05c2f72115d.jpg"",""/uploads/b7d034a3b10c7075.jpg"",""/uploads/0278dce3cf5b0028.jpg"",""/uploads/f889ea000e580bb0.jpg"",""/uploads/dce0584dd7813aa7.jpg""]"
"B0CPV4BLNN","","[""/uploads/de22728b1e902ae7.jpg"",""/uploads/8764fc8d652fbf03.jpg"",""/uploads/bf28b05c2f72115d.jpg"",""/uploads/b7d034a3b10c7075.jpg"",""/uploads/0278dce3cf5b0028.jpg"",""/uploads/f889ea000e580bb0.jpg"",""/uploads/dce0584dd7813aa7.jpg""]"
"B0CPV2J87D","","[""/uploads/de22728b1e902ae7.jpg"",""/uploads/8764fc8d652fbf03.jpg"",""/uploads/0278dce3cf5b0028.jpg"",""/uploads/b7d034a3b10c7075.jpg"",""/uploads/f889ea000e580bb0.jpg"",""/uploads/dce0584dd7813aa7.jpg""]"
"B0CPV3CZWJ","","[""/uploads/de22728b1e902ae7.jpg"",""/uploads/8764fc8d652fbf03.jpg"",""/uploads/bf28b05c2f72115d.jpg"",""/uploads/b7d034a3b10c7075.jpg"",""/uploads/0278dce3cf5b0028.jpg"",""/uploads/f889ea000e580bb0.jpg"",""/uploads/dce0584dd7813aa7.jpg""]"
"B0CPV6TN4Q","","[""/uploads/e018f3290cb9f3c6.jpg"",""/uploads/3fa0c5c1b989efdc.jpg"",""/uploads/2b95ad1b3d931858.jpg"",""/uploads/56dd5535b81ee343.jpg"",""/uploads/0e2c48df4f8f4f0e.jpg"",""/uploads/6c56a1b969291a36.jpg"",""/uploads/7c9e28bb212461b3.jpg""]"
"B0CPV3CWHC","","[""/uploads/e018f3290cb9f3c6.jpg"",""/uploads/3fa0c5c1b989efdc.jpg"",""/uploads/2b95ad1b3d931858.jpg"",""/uploads/56dd5535b81ee343.jpg"",""/uploads/0e2c48df4f8f4f0e.jpg"",""/uploads/6c56a1b969291a36.jpg"",""/uploads/7c9e28bb212461b3.jpg""]"
"B0CPV5JHTN","","[""/uploads/e018f3290cb9f3c6.jpg"",""/uploads/3fa0c5c1b989efdc.jpg"",""/uploads/2b95ad1b3d931858.jpg"",""/uploads/56dd5535b81ee343.jpg"",""/uploads/0e2c48df4f8f4f0e.jpg"",""/uploads/6c56a1b969291a36.jpg"",""/uploads/7c9e28bb212461b3.jpg""]"
"B0CPV6DL9G","","[""/uploads/e018f3290cb9f3c6.jpg"",""/uploads/3fa0c5c1b989efdc.jpg"",""/uploads/0e2c48df4f8f4f0e.jpg"",""/uploads/56dd5535b81ee343.jpg"",""/uploads/6c56a1b969291a36.jpg"",""/uploads/7c9e28bb212461b3.jpg""]"
"B0CPV512V5","","[""/uploads/e018f3290cb9f3c6.jpg"",""/uploads/3fa0c5c1b989efdc.jpg"",""/uploads/2b95ad1b3d931858.jpg"",""/uploads/56dd5535b81ee343.jpg"",""/uploads/0e2c48df4f8f4f0e.jpg"",""/uploads/6c56a1b969291a36.jpg"",""/uploads/7c9e28bb212461b3.jpg""]"
"B0CPXX4623","","[""/uploads/6708bce1c964a553.jpg"",""/uploads/c2dcba18fa78e979.jpg"",""/uploads/9deec70efa3ec7b3.jpg"",""/uploads/0ca4bd1ad93ae003.jpg"",""/uploads/59680612b69dd006.jpg"",""/uploads/b91ce8cb63a200d5.jpg"",""/uploads/d5564bf5cb75fba6.jpg""]"
"B0CPXXN8PR","","[""/uploads/694a89ff3dd119a4.jpg"",""/uploads/c2dcba18fa78e979.jpg"",""/uploads/9deec70efa3ec7b3.jpg"",""/uploads/0ca4bd1ad93ae003.jpg"",""/uploads/59680612b69dd006.jpg"",""/uploads/b91ce8cb63a200d5.jpg"",""/uploads/d5564bf5cb75fba6.jpg""]"
"B0CPXWKVZC","","[""/uploads/d37b31107ce22462.jpg"",""/uploads/c2dcba18fa78e979.jpg"",""/uploads/9deec70efa3ec7b3.jpg"",""/uploads/0ca4bd1ad93ae003.jpg"",""/uploads/59680612b69dd006.jpg"",""/uploads/b91ce8cb63a200d5.jpg"",""/uploads/d5564bf5cb75fba6.jpg""]"
"B0CPXX3N23","","[""/uploads/a1c2a79dcdf62af3.jpg"",""/uploads/c2dcba18fa78e979.jpg"",""/uploads/59680612b69dd006.jpg"",""/uploads/0ca4bd1ad93ae003.jpg"",""/uploads/b91ce8cb63a200d5.jpg"",""/uploads/d5564bf5cb75fba6.jpg""]"
"B0CPXYCHNS","","[""/uploads/842b4df774e3196a.jpg"",""/uploads/c2dcba18fa78e979.jpg"",""/uploads/9deec70efa3ec7b3.jpg"",""/uploads/0ca4bd1ad93ae003.jpg"",""/uploads/59680612b69dd006.jpg"",""/uploads/b91ce8cb63a200d5.jpg"",""/uploads/d5564bf5cb75fba6.jpg""]"
"B0CPV6GNNB","","[""/uploads/174fe05a7a946ada.jpg"",""/uploads/8f0859d3062a8787.jpg"",""/uploads/3bb063e1e96f3ac8.jpg"",""/uploads/64939cea655f6d69.jpg"",""/uploads/88ad0b26a6b0c5f3.jpg"",""/uploads/f54164269921d722.jpg"",""/uploads/bda00c58793fddb9.jpg""]"
"B0CPV97DBZ","","[""/uploads/174fe05a7a946ada.jpg"",""/uploads/8f0859d3062a8787.jpg"",""/uploads/88ad0b26a6b0c5f3.jpg"",""/uploads/64939cea655f6d69.jpg"",""/uploads/f54164269921d722.jpg"",""/uploads/bda00c58793fddb9.jpg""]"
"B0CPV7RVGY","","[""/uploads/174fe05a7a946ada.jpg"",""/uploads/8f0859d3062a8787.jpg"",""/uploads/3bb063e1e96f3ac8.jpg"",""/uploads/64939cea655f6d69.jpg"",""/uploads/88ad0b26a6b0c5f3.jpg"",""/uploads/f54164269921d722.jpg"",""/uploads/bda00c58793fddb9.jpg""]"
"B0CPV77BYD","","[""/uploads/174fe05a7a946ada.jpg"",""/uploads/8f0859d3062a8787.jpg"",""/uploads/3bb063e1e96f3ac8.jpg"",""/uploads/64939cea655f6d69.jpg"",""/uploads/88ad0b26a6b0c5f3.jpg"",""/uploads/f54164269921d722.jpg"",""/uploads/bda00c58793fddb9.jpg""]"
"B0CPV8DZNM","","[""/uploads/532ed2d054641ee3.jpg"",""/uploads/8b86b0193398093b.jpg"",""/uploads/5d3593940719e3e4.jpg"",""/uploads/fbd326619b27babb.jpg"",""/uploads/91ca4e784b4d73b0.jpg"",""/uploads/60642e38b6496992.jpg""]"
"B0CPV97RRG","","[""/uploads/532ed2d054641ee3.jpg"",""/uploads/8b86b0193398093b.jpg"",""/uploads/5d3593940719e3e4.jpg"",""/uploads/fbd326619b27babb.jpg"",""/uploads/91ca4e784b4d73b0.jpg"",""/uploads/60642e38b6496992.jpg""]"
"B0CPV7PMVM","","[""/uploads/532ed2d054641ee3.jpg"",""/uploads/fbd326619b27babb.jpg"",""/uploads/5d3593940719e3e4.jpg"",""/uploads/91ca4e784b4d73b0.jpg"",""/uploads/60642e38b6496992.jpg""]"
"B0CPVF4DHM","","[""/uploads/6c0be93e2d1d047f.jpg"",""/uploads/758e7e227129f5ff.jpg"",""/uploads/e92e6206375acbca.jpg"",""/uploads/b2f203dd80d5df99.jpg"",""/uploads/54bd869f6064c9d4.jpg"",""/uploads/26558f82565ba4de.jpg"",""/uploads/685999dcdd0cd69e.jpg""]"
"B0CPVDL6FH","","[""/uploads/6c0be93e2d1d047f.jpg"",""/uploads/758e7e227129f5ff.jpg"",""/uploads/54bd869f6064c9d4.jpg"",""/uploads/b2f203dd80d5df99.jpg"",""/uploads/26558f82565ba4de.jpg"",""/uploads/685999dcdd0cd69e.jpg""]"
"B0CPVBNLR6","","[""/uploads/6c0be93e2d1d047f.jpg"",""/uploads/758e7e227129f5ff.jpg"",""/uploads/e92e6206375acbca.jpg"",""/uploads/b2f203dd80d5df99.jpg"",""/uploads/54bd869f6064c9d4.jpg"",""/uploads/26558f82565ba4de.jpg"",""/uploads/685999dcdd0cd69e.jpg""]"
"B0CPVD6ZQV","","[""/uploads/6c0be93e2d1d047f.jpg"",""/uploads/758e7e227129f5ff.jpg"",""/uploads/e92e6206375acbca.jpg"",""/uploads/b2f203dd80d5df99.jpg"",""/uploads/54bd869f6064c9d4.jpg"",""/uploads/26558f82565ba4de.jpg"",""/uploads/685999dcdd0cd69e.jpg""]"
"B0CPVDC3Q3","","[""/uploads/11ded5b36e91de70.jpg"",""/uploads/0dfe3dd6740290f9.jpg"",""/uploads/bb2ab0731374b675.jpg"",""/uploads/0179bd2d5c611ce0.jpg"",""/uploads/f99eda5f098f6ef3.jpg"",""/uploads/5adeafd4f672ac07.jpg"",""/uploads/793abc4a41312735.jpg""]"
"B0CPVDWTBT","","[""/uploads/11ded5b36e91de70.jpg"",""/uploads/0dfe3dd6740290f9.jpg"",""/uploads/f99eda5f098f6ef3.jpg"",""/uploads/0179bd2d5c611ce0.jpg"",""/uploads/5adeafd4f672ac07.jpg"",""/uploads/793abc4a41312735.jpg""]"
"B0CPVD1BQV","","[""/uploads/11ded5b36e91de70.jpg"",""/uploads/0dfe3dd6740290f9.jpg"",""/uploads/bb2ab0731374b675.jpg"",""/uploads/0179bd2d5c611ce0.jpg"",""/uploads/f99eda5f098f6ef3.jpg"",""/uploads/5adeafd4f672ac07.jpg"",""/uploads/793abc4a41312735.jpg""]"
"B0CPVJ8ZB9","","[""/uploads/fbe20e5c1cd0f566.jpg"",""/uploads/01c73f95dd18b46e.jpg"",""/uploads/a2f6bdd0264102b9.jpg"",""/uploads/74f6520b4483bbb7.jpg"",""/uploads/3054b90cf8a4eda5.jpg"",""/uploads/ef4ee66fd900eca4.jpg""]"
"B0CPVJDDTB","","[""/uploads/fbe20e5c1cd0f566.jpg"",""/uploads/01c73f95dd18b46e.jpg"",""/uploads/01dfddff694f5375.jpg"",""/uploads/74f6520b4483bbb7.jpg"",""/uploads/a2f6bdd0264102b9.jpg"",""/uploads/3054b90cf8a4eda5.jpg"",""/uploads/ef4ee66fd900eca4.jpg""]"
"B0CPVJDJLL","","[""/uploads/fbe20e5c1cd0f566.jpg"",""/uploads/01c73f95dd18b46e.jpg"",""/uploads/01dfddff694f5375.jpg"",""/uploads/74f6520b4483bbb7.jpg"",""/uploads/a2f6bdd0264102b9.jpg"",""/uploads/3054b90cf8a4eda5.jpg"",""/uploads/ef4ee66fd900eca4.jpg""]"
"B0CPVJ9B9J","","[""/uploads/fbe20e5c1cd0f566.jpg"",""/uploads/01c73f95dd18b46e.jpg"",""/uploads/01dfddff694f5375.jpg"",""/uploads/74f6520b4483bbb7.jpg"",""/uploads/a2f6bdd0264102b9.jpg"",""/uploads/3054b90cf8a4eda5.jpg"",""/uploads/ef4ee66fd900eca4.jpg""]"
"B0CQ1XF6Z5","","[""/uploads/1ba0adfb8f299564.jpg"",""/uploads/3f528df7cb421ef1.jpg"",""/uploads/6993137282050f19.jpg"",""/uploads/9248c1d44b49a3c0.jpg"",""/uploads/f91c425ca26c0901.jpg""]"
"B0CQ1XF4KV","","[""/uploads/8f5baa2ae9b1e8b0.jpg"",""/uploads/502a00268166616e.jpg"",""/uploads/8028559172d99bf3.jpg"",""/uploads/63ec854b1ab95470.jpg"",""/uploads/be1c5f007c29c574.jpg"",""/uploads/f91c425ca26c0901.jpg""]"
"B0CQ22XVGW","","[""/uploads/a444728b8788bef3.jpg"",""/uploads/5d53403da2120c4f.jpg"",""/uploads/9bb453413182eaca.jpg"",""/uploads/f54141234bf01666.jpg"",""/uploads/81be6aa0d131a7d2.jpg"",""/uploads/f91c425ca26c0901.jpg""]"
"B0CQ21XJ23","","[""/uploads/232b7767955b0fe7.jpg"",""/uploads/8f5818c4d81ba3c1.jpg"",""/uploads/b5ab70fe8a0f886c.jpg"",""/uploads/11aecd7287609d99.jpg"",""/uploads/99f5ef32b1b507bf.jpg"",""/uploads/f91c425ca26c0901.jpg""]"
"B0CQ21HGK1","","[""/uploads/ec6497797f7427db.jpg"",""/uploads/2ec38f51784aa1bf.jpg"",""/uploads/c49451754788f1c7.jpg"",""/uploads/093392d6e0eb741b.jpg"",""/uploads/5eb63565065cde12.jpg"",""/uploads/f91c425ca26c0901.jpg""]"
"B0CQ284R85","","[""/uploads/79750f6ce56a5277.jpg"",""/uploads/4154ba6af3f8e83a.jpg"",""/uploads/86800e99f87a19e7.jpg"",""/uploads/b8b7eec4bb792c3e.jpg""]"
"B0CQ254WQ9","","[""/uploads/01e48a14e49b8ab1.jpg"",""/uploads/468703ca48f9dc58.jpg"",""/uploads/4154ba6af3f8e83a.jpg"",""/uploads/b99db61f52906593.jpg"",""/uploads/09c92beff0a0861a.jpg"",""/uploads/ce4f7d7ff41ef8a8.jpg"",""/uploads/b8b7eec4bb792c3e.jpg""]"
"B0CQ272BC8","","[""/uploads/966caf42eb5d5c73.jpg"",""/uploads/468703ca48f9dc58.jpg"",""/uploads/4154ba6af3f8e83a.jpg"",""/uploads/b99db61f52906593.jpg"",""/uploads/09c92beff0a0861a.jpg"",""/uploads/ce4f7d7ff41ef8a8.jpg"",""/uploads/b8b7eec4bb792c3e.jpg""]"
"B0CQ29CTP2","","[""/uploads/4524aed6df3c5fdf.jpg"",""/uploads/4154ba6af3f8e83a.jpg"",""/uploads/b99db61f52906593.jpg"",""/uploads/b8b7eec4bb792c3e.jpg"",""/uploads/86800e99f87a19e7.jpg""]"
"B0CPVKFJGB","","[""/uploads/4a640cc2c343b296.jpg"",""/uploads/02dc445f6ca78aaf.jpg"",""/uploads/052bccbfc12f6d38.jpg"",""/uploads/066e5a9b3fe90f7f.jpg"",""/uploads/21fb64ce7d16f449.jpg""]"
"B0CPVLQZ81","","[""/uploads/a434070f01414e46.jpg"",""/uploads/ab4bb8731d484442.jpg"",""/uploads/052bccbfc12f6d38.jpg"",""/uploads/383c1cf90cf173f5.jpg"",""/uploads/64e95baff76f439d.jpg""]"
"B0CPVLKR4F","","[""/uploads/3162f595ae4065af.jpg""]"
"B0CPVKRLFR","","[""/uploads/ac9b4a396b969480.jpg"",""/uploads/10bcf3248439dd80.jpg"",""/uploads/052bccbfc12f6d38.jpg"",""/uploads/c9f4c6f9b27a9cdc.jpg"",""/uploads/4b5051c6a2ace0aa.jpg""]"
"B0CPVL18T3","","[""/uploads/b70ca070568343d2.jpg"",""/uploads/38d6efc100d8398a.jpg"",""/uploads/052bccbfc12f6d38.jpg""]"
"B0CPXR2X9W","","[""/uploads/cf9879f6eb322b89.jpg"",""/uploads/36a1d0f91f633d0a.jpg"",""/uploads/f5e85bf9c36041a9.jpg""]"
"B0CPXRWFD2","","[""/uploads/ea2d31f910b00ecd.jpg"",""/uploads/36a1d0f91f633d0a.jpg"",""/uploads/f5e85bf9c36041a9.jpg""]"
"B0CPXQV4LW","","[""/uploads/4c782111f9709f15.jpg"",""/uploads/36a1d0f91f633d0a.jpg"",""/uploads/f5e85bf9c36041a9.jpg""]"
"B0CPXRSBBZ","","[""/uploads/51a4fa6b59c130a4.jpg"",""/uploads/36a1d0f91f633d0a.jpg"",""/uploads/f5e85bf9c36041a9.jpg""]"
"B0CPXTZ2GQ","","[""/uploads/e416efcd02fe0ddd.jpg"",""/uploads/07391a232c928743.jpg"",""/uploads/d6983aee218c6ec2.jpg""]"
"B0CPXV6SS6","","[""/uploads/00c0bc09d573843b.jpg"",""/uploads/14bad0627ce9dd35.jpg"",""/uploads/eed1ae9ab8d57e2f.jpg""]"
"B0CPXSW6W7","","[""/uploads/5a87efd2aa2c088e.jpg"",""/uploads/1a91b8518b34463d.jpg"",""/uploads/fb8d45e62d7679e6.jpg"",""/uploads/654f93e57d7198be.jpg""]"
"B0CPXVSLL3","","[""/uploads/cd7b651078e4d765.jpg"",""/uploads/54323ea7c36ff9d8.jpg"",""/uploads/db680f077f863180.jpg"",""/uploads/e8656c700e83e7a0.jpg""]"
"B0CPXW1TFH","","[""/uploads/0b09660a08d12b95.jpg"",""/uploads/7e4c488e0287bc49.jpg"",""/uploads/dff18e2decbf778e.jpg"",""/uploads/8ee2d9436ca8d215.jpg""]"
"B0CPY2CWP8","","[""/uploads/795ed92eee2eb999.jpg""]"
"B0CPY1WC16","","[""/uploads/bef9b5dbe82a6330.jpg""]"
"B0CPY2F71H","","[""/uploads/f3a4d8343e6b0933.jpg""]"
"B0CPY1MQQ8","","[""/uploads/480b1366abe1f3c3.jpg"",""/uploads/aad9c1766228db3e.jpg"",""/uploads/b4f6eaf007177201.jpg"",""/uploads/a27ee9a430df201e.jpg"",""/uploads/f5347799081a35df.jpg"",""/uploads/20b1450e12a030a6.jpg"",""/uploads/240fb442d95166ef.jpg""]"
"B0CPY3NXW5","","[""/uploads/aabb068f496f4a5b.jpg""]"
"B0CQ26HGKG","","[""/uploads/f9f9ce87a30fd15e.jpg"",""/uploads/626f304f173b69ab.jpg"",""/uploads/9c7f2a6c1a75949e.jpg"",""/uploads/c3f89f0b63e34c45.jpg""]"
"B0CQ221H3Q","","[""/uploads/9c4fca96573d7f1c.jpg"",""/uploads/93aad7eb5d0e7778.jpg"",""/uploads/9e8d38782597cba8.jpg"",""/uploads/648e98d5422fe26e.jpg"",""/uploads/b10f9b67b8c79f36.jpg""]"
"B0CQ27SRB5","","[""/uploads/6e68bef3b115705e.jpg"",""/uploads/14749e6d5485c9a6.jpg"",""/uploads/a9fd3fbeaf105f41.jpg"",""/uploads/77f01b378f24a2b6.jpg"",""/uploads/a0796dfeb07ea3cf.jpg""]"
"B0CQ23X6KF","","[""/uploads/478333995f79f4f7.jpg"",""/uploads/dadd3aa7c9e0a8cd.jpg"",""/uploads/fb8c8b85b3406a95.jpg"",""/uploads/11170cd0237cbed2.jpg"",""/uploads/cef3742865ed5fcd.jpg"",""/uploads/2c64df42b2f4d1ba.jpg""]"
"B0CPY93DZ5","","[""/uploads/36012839d9bd560b.jpg"",""/uploads/f7402a0ad367774c.jpg"",""/uploads/861d899a4d0e4ec7.jpg"",""/uploads/ea96df4724df8592.jpg"",""/uploads/0dca30e93d26c452.jpg""]"
"B0CPY827CH","","[""/uploads/71d1d63ffa6c15a9.jpg"",""/uploads/c9edef8ef6b24343.jpg"",""/uploads/3dbcfe6a23537803.jpg"",""/uploads/c0b348b4955d409d.jpg"",""/uploads/8975c8a5f1605b54.jpg"",""/uploads/3b092990d4368de5.jpg""]"
"B0CPY8X624","","[""/uploads/1ebe22d339d8446e.jpg"",""/uploads/6667519205dc7c04.jpg"",""/uploads/4798b89fab3eec7e.jpg"",""/uploads/f07b207b38a018a6.jpg"",""/uploads/84e7488f42f15805.jpg"",""/uploads/84523bc6d15d55ac.jpg""]"
"B0CPY97PSM","","[""/uploads/a0b8e4f5520deb4d.jpg"",""/uploads/a98c42bb7098ea1c.jpg"",""/uploads/d749d7e7451d35a0.jpg"",""/uploads/9294b3625bcd3990.jpg"",""/uploads/e85ee0285c44348d.jpg"",""/uploads/6141ae3018ff72f0.jpg""]"
"B0CPY89QXD","","[""/uploads/737c425a34049478.jpg"",""/uploads/079018ba55c9545f.jpg"",""/uploads/fa4fff7893fe1126.jpg"",""/uploads/5d2778f1ede2afd4.jpg"",""/uploads/20be8500c6319e43.jpg"",""/uploads/8183311d4dfc71b2.jpg""]"
"B0CPYCYKDP","","[""/uploads/f7b80258821322b2.jpg"",""/uploads/88a098194b858560.jpg"",""/uploads/070c26fcc648d98f.jpg"",""/uploads/749d3889684a5c97.jpg"",""/uploads/2786ddad1eefe9ad.jpg""]"
"B0CPY9QHNM","","[""/uploads/3859b968edf3c278.jpg"",""/uploads/666602bcb69d9838.jpg"",""/uploads/6471c8e3ad88fbb8.jpg"",""/uploads/72d9857033cd60b6.jpg"",""/uploads/bcd9d7ae757c2d81.jpg"",""/uploads/e8660b7099478f81.jpg""]"
"B0CPYCMRTF","","[""/uploads/2b801994deb66aba.jpg"",""/uploads/ae244ec3f140ef23.jpg"",""/uploads/ada7913f705026fa.jpg"",""/uploads/7630b4192445efca.jpg"",""/uploads/ff70531763c454c8.jpg"",""/uploads/0b655439622f0265.jpg""]"
"B0CPYCC7MS","","[""/uploads/5d9f542487249e96.jpg"",""/uploads/ff7be92f516126b5.jpg"",""/uploads/4395a0766c389910.jpg"",""/uploads/386c5f33386252d6.jpg"",""/uploads/ae860eee072409db.jpg"",""/uploads/7578c115b8a2afc7.jpg""]"
"B0CPYBMW23","","[""/uploads/46e8b8e6153a69f4.jpg"",""/uploads/03c49f3d1f8f7d64.jpg"",""/uploads/acea8dbc751a6263.jpg"",""/uploads/7fc3fcc1f27d1718.jpg"",""/uploads/3be3bf37d81c537c.jpg"",""/uploads/977322ac334bd562.jpg""]"
"B0CPYDBC9R","","[""/uploads/e85ca49e8acc21fa.jpg"",""/uploads/65690f45b6e1532b.jpg"",""/uploads/f770cc179184ca73.jpg"",""/uploads/77de8f2ff0108a65.jpg"",""/uploads/b4fe5be38fbceb0c.jpg"",""/uploads/b064481e266c42f9.jpg""]"
"B0CPYDPV9F","","[""/uploads/a38233bb6074ee86.jpg"",""/uploads/65690f45b6e1532b.jpg"",""/uploads/ab4fb3a2d442bc68.jpg"",""/uploads/77de8f2ff0108a65.jpg"",""/uploads/f770cc179184ca73.jpg"",""/uploads/b4fe5be38fbceb0c.jpg"",""/uploads/b064481e266c42f9.jpg""]"
"B0CPYCFKNV","","[""/uploads/cef4038b4be41a29.jpg"",""/uploads/65690f45b6e1532b.jpg"",""/uploads/ab4fb3a2d442bc68.jpg"",""/uploads/77de8f2ff0108a65.jpg"",""/uploads/f770cc179184ca73.jpg"",""/uploads/b4fe5be38fbceb0c.jpg"",""/uploads/b064481e266c42f9.jpg""]"
"B0CPYDLBDB","","[""/uploads/d6ad62407d144bbe.jpg"",""/uploads/65690f45b6e1532b.jpg"",""/uploads/ab4fb3a2d442bc68.jpg"",""/uploads/77de8f2ff0108a65.jpg"",""/uploads/f770cc179184ca73.jpg"",""/uploads/b4fe5be38fbceb0c.jpg"",""/uploads/b064481e266c42f9.jpg""]"
"B0CPYGLX4F","","[""/uploads/d8beab65c7713cb6.jpg"",""/uploads/65690f45b6e1532b.jpg"",""/uploads/ab4fb3a2d442bc68.jpg"",""/uploads/77de8f2ff0108a65.jpg"",""/uploads/b4fe5be38fbceb0c.jpg"",""/uploads/b064481e266c42f9.jpg""]"
"B0CPYDBC9Y","","[""/uploads/3683be69fecfb222.jpg"",""/uploads/65690f45b6e1532b.jpg"",""/uploads/ab4fb3a2d442bc68.jpg"",""/uploads/77de8f2ff0108a65.jpg"",""/uploads/f770cc179184ca73.jpg"",""/uploads/b4fe5be38fbceb0c.jpg"",""/uploads/b064481e266c42f9.jpg""]"
"B0CQ2G1C38","","[""/uploads/67b5e1c0a584b06a.jpg"",""/uploads/dd588774d5ff7987.jpg"",""/uploads/6062d26cc0fe7f39.jpg""]"
"B0CQ2FHZBK","","[""/uploads/ca37b899a352a040.jpg"",""/uploads/6f8f2b7bceaf85fe.jpg"",""/uploads/ec87ff0b9a1c5186.jpg"",""/uploads/9085e7a9aa997199.jpg"",""/uploads/d3f8dd87c8c06683.jpg"",""/uploads/df7e9de17260ddf4.jpg""]"
"B0CQ2FK77L","","[""/uploads/99fe664bce5a1a31.jpg"",""/uploads/84672bba212cd953.jpg"",""/uploads/fe57d294e71d7e7b.jpg"",""/uploads/d41ed3e2dcc6ace0.jpg"",""/uploads/dee475292c76e2e7.jpg"",""/uploads/d8183412836e23ed.jpg"",""/uploads/89e354e30bdb97a4.jpg""]"
"B0CQ2HYRQN","","[""/uploads/738730e101818fc3.jpg"",""/uploads/628b3947be77ce48.jpg"",""/uploads/921e3764dd8e06ea.jpg"",""/uploads/23110e02eec58b25.jpg"",""/uploads/2a0116baeaa5b9ee.jpg"",""/uploads/6a506f60090d2b19.jpg"",""/uploads/6062d26cc0fe7f39.jpg""]"
"B0CQ2G5WLD","","[""/uploads/d2c3f71b697ab447.jpg"",""/uploads/6f5e9062b7b54210.jpg"",""/uploads/04f8f25474644185.jpg""]"
"B0CQ2PX28N","","[""/uploads/5acf8c782b6d14ba.jpg"",""/uploads/3ce1eb233def4c94.jpg"",""/uploads/fa65f1a9a708a1fa.jpg"",""/uploads/ebe1a72f85c5cba8.jpg"",""/uploads/e6a79888a77ea829.jpg"",""/uploads/37154e1e7a5e49e4.jpg""]"
"B0CQ2MP6Y5","","[""/uploads/01a2b779cb67d98d.jpg"",""/uploads/b610dfc2228eb720.jpg"",""/uploads/301d224892755853.jpg"",""/uploads/888d292b0b4c37fe.jpg"",""/uploads/9acbfc269540daad.jpg"",""/uploads/c842fde62d9198da.jpg"",""/uploads/6d5b8fb79bcca446.jpg""]"
"B0CQ2NG8KN","","[""/uploads/f2955a122d1e991c.jpg"",""/uploads/a2cc511814d03b77.jpg"",""/uploads/4eddf77295cfd335.jpg"",""/uploads/f51eac5290ac7e5c.jpg"",""/uploads/c85e0fd9af1a7479.jpg"",""/uploads/70a41ed0a8379648.jpg"",""/uploads/c63700a0ca5343f3.jpg""]"
"B0CQ2MTS1G","","[""/uploads/cf5fce4523c29ec8.jpg"",""/uploads/a003a8737ddbd2cd.jpg"",""/uploads/079569eba200a755.jpg"",""/uploads/a11eaf64173bc8e0.jpg"",""/uploads/79c75417a3209bfb.jpg"",""/uploads/226048866a2a78f6.jpg"",""/uploads/5072afce1734e04c.jpg""]"
"B0CQ2MLP42","","[""/uploads/4be1c8bf2bb6563a.jpg"",""/uploads/f42e73f94e0a105e.jpg"",""/uploads/8e9638c705422bcb.jpg"",""/uploads/ae7116cef20dcd83.jpg"",""/uploads/7e95b3d8a64411c2.jpg"",""/uploads/5c11c7548f94634b.jpg"",""/uploads/572a080c62b7f1c7.jpg""]"
"B0CQ4J5V9K","","[""/uploads/ddb48266afe5ae37.jpg"",""/uploads/40f3f60b3cf571d2.jpg"",""/uploads/e12f58ff82b962e5.jpg"",""/uploads/8f3833933446d95f.jpg"",""/uploads/34643ba658226168.jpg"",""/uploads/df2625dfe0babae1.jpg""]"
"B0CQ4L9KB5","","[""/uploads/d562600aa35ee7a9.jpg"",""/uploads/af3a239a10236443.jpg"",""/uploads/2a2be605145def67.jpg"",""/uploads/aadcb4706e3a6315.jpg"",""/uploads/9001c0351fe3cd83.jpg"",""/uploads/5d6dfb2e73c20743.jpg"",""/uploads/bc569ea60645e7c3.jpg""]"
"B0CQ4JVYXX","","[""/uploads/3651fb687f8b97ca.jpg"",""/uploads/ebc019e939f91c6f.jpg"",""/uploads/6eafd82ac65ef2df.jpg"",""/uploads/023a6e68911bd295.jpg"",""/uploads/03fd9a4d57a6cd86.jpg"",""/uploads/bd1f79aa52b127d4.jpg"",""/uploads/04afc45805a3000a.jpg""]"
"B0CQ4LFF3K","","[""/uploads/8b9a4e1ab5471c89.jpg"",""/uploads/f37bcd9dfbc38089.jpg"",""/uploads/fbbd240084d960bc.jpg"",""/uploads/44611b09d4237b78.jpg"",""/uploads/f917b824525373f3.jpg"",""/uploads/dfd442dcf87a0bf1.jpg"",""/uploads/7772d8569688c9ef.jpg""]"
"B0CQ4LQRQN","","[""/uploads/3efe4d911b845fa6.jpg"",""/uploads/c52af5a3e3f59b1a.jpg"",""/uploads/3ca9568415644095.jpg"",""/uploads/0df4db9b591149a2.jpg"",""/uploads/984b8a4a0e9c23f5.jpg"",""/uploads/79407893afa63ac5.jpg""]"
"B0CQ2PY2C6","","[""/uploads/67af94d0f3f10bf6.jpg"",""/uploads/87a34b635ca8cecd.jpg"",""/uploads/a2a13cff061d4f35.jpg"",""/uploads/f15feb9da9448579.jpg"",""/uploads/53e5892a3fcd0209.jpg"",""/uploads/3e014ed3b7619ca8.jpg""]"
"B0CQ2QVSBX","","[""/uploads/69dbbc844552df4b.jpg"",""/uploads/393cbb602e0ee11d.jpg"",""/uploads/b4a9084c6fc181af.jpg"",""/uploads/daaa4469dd40c78f.jpg"",""/uploads/6154d82a5537056a.jpg"",""/uploads/512eb1770ba1b6b9.jpg"",""/uploads/5db123b72d69290b.jpg""]"
"B0CQ2M9NCT","","[""/uploads/65b9a327ee9a5b06.jpg"",""/uploads/473c1e2f05a29891.jpg"",""/uploads/affc7413267465da.jpg"",""/uploads/c51bca3a8b94a8ed.jpg"",""/uploads/1b5c59b2dca5810a.jpg"",""/uploads/dd2188fc36965c9c.jpg"",""/uploads/3b63f221a814dcf8.jpg""]"
"B0CQ2Q16JJ","","[""/uploads/dc041a36ede82439.jpg"",""/uploads/6371d8817a98c6b9.jpg"",""/uploads/fb5925805fecad93.jpg"",""/uploads/8ebc98f7f5b42461.jpg"",""/uploads/5cd10eb856730e5d.jpg"",""/uploads/d670105205e9e461.jpg"",""/uploads/81a20172ee031d54.jpg""]"
"B0CQ2R61HX","","[""/uploads/cf57c8686d77416e.jpg"",""/uploads/d88ad9a9f17288f9.jpg"",""/uploads/5a649113c3c47985.jpg"",""/uploads/fc2a7b4d6a251b48.jpg"",""/uploads/cdddaaad8bd7ea0a.jpg""]"
"B0CQ2QBZY8","","[""/uploads/1360ee7a669d7044.jpg"",""/uploads/efec4fdbb0cf76aa.jpg"",""/uploads/4981d75193052281.jpg"",""/uploads/f4781859521eb8c9.jpg"",""/uploads/0a8f6a11a59bc031.jpg"",""/uploads/da173ff0ca441665.jpg"",""/uploads/e7064dc088abf68d.jpg""]"
"B0CQ2RGTJV","","[""/uploads/9bdfb71434e4886d.jpg"",""/uploads/90bdbeeb7ad44396.jpg"",""/uploads/67d628b6743870fe.jpg"",""/uploads/b1bec254fe90502c.jpg"",""/uploads/2eb7592602fee337.jpg"",""/uploads/0bbd9ad2a4da4b76.jpg"",""/uploads/4ac1f215f3ebe9aa.jpg""]"
"B0CQ2S6962","","[""/uploads/adbeff0a950ce8e9.jpg"",""/uploads/423fdea346a090ec.jpg"",""/uploads/51f895ba20c1de9b.jpg"",""/uploads/2e15f455150d53a3.jpg"",""/uploads/df595ecaa5952699.jpg"",""/uploads/17f98e9c0159c000.jpg"",""/uploads/53a84890d2b72489.jpg""]"
"B0CQ2RRYJT","","[""/uploads/c00697e02011b44e.jpg"",""/uploads/f0f27cfa31c418ec.jpg"",""/uploads/2c145b881cd647a7.jpg"",""/uploads/47ddbf4f3f7911eb.jpg"",""/uploads/760a7409c128ae74.jpg"",""/uploads/ca113692201ec5b0.jpg"",""/uploads/c385579abe791f1f.jpg""]"
"B0CQ58YH1K","","[""/uploads/1882052d88ec6a80.jpg"",""/uploads/048347efeac0d297.jpg"",""/uploads/c1fba877f4ad36e7.jpg"",""/uploads/1626112e7f8d9cd1.jpg""]"
"B0CQ54SB59","","[""/uploads/39c7f6f140ed25bd.jpg"",""/uploads/efbb808fb85400b8.jpg"",""/uploads/1626112e7f8d9cd1.jpg"",""/uploads/85e456276c7390f6.jpg"",""/uploads/c1fba877f4ad36e7.jpg""]"
"B0CQ578L4Q","","[""/uploads/f1540d62d7271118.jpg"",""/uploads/2604bde36a3fa126.jpg"",""/uploads/9363d23d8062cad3.jpg"",""/uploads/1626112e7f8d9cd1.jpg"",""/uploads/c1fba877f4ad36e7.jpg""]"
"B0CQ5713ML","","[""/uploads/d3b17061ed9aeb96.jpg"",""/uploads/75255b3caa3673f0.jpg"",""/uploads/eba78354a6f20c09.jpg"",""/uploads/1626112e7f8d9cd1.jpg"",""/uploads/c1fba877f4ad36e7.jpg""]"
"B0CQ55YKGJ","","[""/uploads/049971d21f053974.jpg"",""/uploads/7fa8c23bdaaba284.jpg"",""/uploads/27bfff3a9e57285a.jpg"",""/uploads/573d703b8e6e68eb.jpg"",""/uploads/339163685704aa03.jpg""]"
"B0CQ552Y2X","","[""/uploads/1443619d9da234aa.jpg"",""/uploads/d46331dbfaa2b7dc.jpg"",""/uploads/22088ed4dcf216ff.jpg"",""/uploads/a61cb253ab8f2ef0.jpg"",""/uploads/f6e8958cd00681d9.jpg""]"
"B0CQ53QC21","","[""/uploads/196383c55d5e9652.jpg"",""/uploads/b029c3fd66336270.jpg"",""/uploads/b1b2625ea5c95465.jpg"",""/uploads/0888f74df168b202.jpg"",""/uploads/6ea207be53ea3c3a.jpg"",""/uploads/41857cac7c6ee1a1.jpg""]"
"B0CQ57XRRD","","[""/uploads/c2346c446039ae3a.jpg"",""/uploads/7cde5a97ed299b40.jpg"",""/uploads/877a26571895548b.jpg"",""/uploads/421b7d65591e3e0a.jpg"",""/uploads/ca909abc3f70dba1.jpg"",""/uploads/13832d601c4e0da6.jpg""]"
"B0CQ56BNVY","","[""/uploads/a69787deef48ca58.jpg"",""/uploads/c36524a93c034be4.jpg"",""/uploads/693cda4ee0539142.jpg"",""/uploads/75f98b6ee9dbcf6f.jpg"",""/uploads/9480defab15eac76.jpg"",""/uploads/29a504d35507572f.jpg""]"
"B0CQ4QVPCD","","[""/uploads/c414134464f61018.jpg"",""/uploads/e0e2350e0636bcb6.jpg"",""/uploads/87781fe8acdd516d.jpg"",""/uploads/a1a7ef5cba195ee5.jpg"",""/uploads/df976bd4978930c4.jpg""]"
"B0CQ4Q6RZZ","","[""/uploads/2b900129423b006f.jpg"",""/uploads/b2959a4e60564847.jpg"",""/uploads/f1c10af1316480b0.jpg"",""/uploads/0f662b8386c25ac0.jpg"",""/uploads/513eb868dac4312a.jpg"",""/uploads/a1a7ef5cba195ee5.jpg"",""/uploads/df976bd4978930c4.jpg""]"
"B0CQ4SX6WV","","[""/uploads/01f58530c6a1f311.jpg"",""/uploads/3fdf3d83edb527e3.jpg"",""/uploads/9e465b44d0b7e897.jpg"",""/uploads/86d2f1deed60ee1f.jpg"",""/uploads/87781fe8acdd516d.jpg"",""/uploads/a1a7ef5cba195ee5.jpg"",""/uploads/df976bd4978930c4.jpg""]"
"B0CQ4SHN6T","","[""/uploads/96c2f2e843a93139.jpg"",""/uploads/586d5b0f8d5ce50e.jpg"",""/uploads/e682a822479861f0.jpg"",""/uploads/69e7aee9ce0d65b9.jpg"",""/uploads/87781fe8acdd516d.jpg"",""/uploads/a1a7ef5cba195ee5.jpg"",""/uploads/df976bd4978930c4.jpg""]"
"B0CQ4Q742X","","[""/uploads/60cd8da656e7cf60.jpg"",""/uploads/93a1f84cdce85eb9.jpg"",""/uploads/d024819d06343602.jpg"",""/uploads/32cbdd851059604a.jpg"",""/uploads/513eb868dac4312a.jpg"",""/uploads/a1a7ef5cba195ee5.jpg"",""/uploads/df976bd4978930c4.jpg""]"
"B0CQ4W72XP","","[""/uploads/8422666d6cf4c024.jpg"",""/uploads/45d2acc5f3c089af.jpg"",""/uploads/b82f547030d7ba54.jpg"",""/uploads/e0b5a0b9761a07cf.jpg"",""/uploads/de0d78c6b4bc857e.jpg"",""/uploads/2f7c1d21cdca6d59.jpg""]"
"B0CQRL8XW9","","[""/uploads/42fc126901fac2ba.jpg"",""/uploads/d488539b943f3720.jpg"",""/uploads/755f7c2df08c5457.jpg"",""/uploads/207efffe0c537f72.jpg"",""/uploads/02a1b6d6b57a6d4c.jpg"",""/uploads/be50b9411d695dd9.jpg""]"
"B0CQRLH99W","","[""/uploads/92ffc60b37fa9300.jpg"",""/uploads/eebd60892f46f599.jpg"",""/uploads/1fa6e8576fbfbeb7.jpg"",""/uploads/207efffe0c537f72.jpg"",""/uploads/2b8bb71a556c026c.jpg"",""/uploads/ca729bfdc0525241.jpg"",""/uploads/ae386026e8209df7.jpg""]"
"B0CQRMCB2S","","[""/uploads/af48a824e299b96c.jpg"",""/uploads/cbba7821df2a48ea.jpg"",""/uploads/120bfde20630fc6f.jpg"",""/uploads/572033a726cf3f2c.jpg"",""/uploads/49146ee6cc5a5ae4.jpg"",""/uploads/fc0abe5f8c4173a1.jpg""]"
"B0CJ88HXTF","","[""/uploads/effa40a938428857.jpg"",""/uploads/d7a24e605dcacd2d.jpg"",""/uploads/746af88225afbc75.jpg"",""/uploads/da03c3d7e33d2bff.jpg"",""/uploads/ffdb725242cf1aef.jpg"",""/uploads/7f0278920b02e047.jpg""]"
"B0CJ87KR9J","","[""/uploads/9f9a3f64817ff7dd.jpg"",""/uploads/fc18e388070a74c7.jpg"",""/uploads/a61731d741ba4b32.jpg"",""/uploads/7ffd799777ff179b.jpg"",""/uploads/55fbc591bd5e43ad.jpg"",""/uploads/7f0278920b02e047.jpg"",""/uploads/676943fffd3be731.jpg""]"
"B0CJ884YZZ","","[""/uploads/cecf7d865a1c7b97.jpg"",""/uploads/5976bb28d19efff7.jpg"",""/uploads/0d6b41ec38e3c7d1.jpg"",""/uploads/0f316497dd584b0b.jpg"",""/uploads/fc0cf35e81e3465d.jpg"",""/uploads/7f0278920b02e047.jpg"",""/uploads/5f641820ef89ed23.jpg""]"
"B0CJ879CZL","","[""/uploads/159aee4347c6ec18.jpg"",""/uploads/ef908f2e8f6961d7.jpg"",""/uploads/30f9ca291f68a52c.jpg"",""/uploads/ae50b0b7c6ce3160.jpg"",""/uploads/7ac4ee7aba026c26.jpg"",""/uploads/7f0278920b02e047.jpg"",""/uploads/8b0d389870637840.jpg""]"
"B0CJ7W5M1F","","[""/uploads/87c7058e6d89f985.jpg"",""/uploads/8c32e08a2ececdae.jpg"",""/uploads/51c78adeaff4c27f.jpg"",""/uploads/7e28f37d6a4b21a3.jpg"",""/uploads/763c867752f0dd8a.jpg"",""/uploads/c0287c3b8c60399d.jpg""]"
"B0CJ7WQYJ4","","[""/uploads/48d69b45d1216351.jpg"",""/uploads/2eb9b921a25c7ee4.jpg"",""/uploads/446c0cada8d4a1fc.jpg"",""/uploads/c0f2a61f3370c1d5.jpg"",""/uploads/d73d60c0301eaf36.jpg"",""/uploads/92f6dc65754e8efc.jpg"",""/uploads/98541b545ddb9bff.jpg""]"
"B0CJ7XHD52","","[""/uploads/93d17736e93a4b11.jpg"",""/uploads/bd7071150c299cfc.jpg"",""/uploads/86589551070959a7.jpg"",""/uploads/1e07ad221cb07b2b.jpg"",""/uploads/c90966ded3006787.jpg"",""/uploads/7793858ec56f475c.jpg""]"
"B0CJ7XHQ95","","[""/uploads/a2d7e09f06bf271f.jpg"",""/uploads/2f2be5cbec709c07.jpg"",""/uploads/35ab0d9d5098a78d.jpg"",""/uploads/8dc70b5ad27e553d.jpg"",""/uploads/c90966ded3006787.jpg"",""/uploads/40c2334904c750a8.jpg"",""/uploads/6a7d415ba7bee6eb.jpg""]"
"B0CJ7Y8X2P","","[""/uploads/db2f63cf2c6089b4.jpg"",""/uploads/f923d871a806c388.jpg"",""/uploads/2cc0e3521680ed4f.jpg"",""/uploads/f7b2e15886672931.jpg"",""/uploads/2e20761e84f7c8dc.jpg"",""/uploads/8d6a5ae3d9ce3b92.jpg""]"
"B0CJ7WQ6V4","","[""/uploads/338d76592df53568.jpg"",""/uploads/c975755ad0073a23.jpg"",""/uploads/2c447ded45875450.jpg"",""/uploads/6ac745a5459f2196.jpg"",""/uploads/f9824ea9eab53a76.jpg"",""/uploads/185dbf333447deef.jpg"",""/uploads/cadd903364105766.jpg""]"
"B0CJ7YP6JL","","[""/uploads/f3de60771ee6c735.jpg"",""/uploads/978913e4f4177319.jpg"",""/uploads/a229871f47582e96.jpg"",""/uploads/761a3b4fb58c4d46.jpg"",""/uploads/bf206f0f3869c804.jpg"",""/uploads/315fc2111e266409.jpg"",""/uploads/5175a3de709745a4.jpg""]"
"B0CJ7Y28BW","","[""/uploads/957d2924067036e6.jpg"",""/uploads/4d3fb09669e80f4a.jpg"",""/uploads/23885b26660184c2.jpg"",""/uploads/d4c24a3740e7ab24.jpg"",""/uploads/136312a9c02944ad.jpg"",""/uploads/6ce0f282f7120d83.jpg"",""/uploads/1161f6befc8b3188.jpg""]"
"B0CJ7YNMXS","","[""/uploads/d4b81a61ef39c1e8.jpg"",""/uploads/4e07d8ce42149df1.jpg"",""/uploads/2c447ded45875450.jpg"",""/uploads/6ac745a5459f2196.jpg"",""/uploads/f9824ea9eab53a76.jpg"",""/uploads/185dbf333447deef.jpg"",""/uploads/cadd903364105766.jpg""]"
"B0CJ7XMGRF","","[""/uploads/caf51f3343ae375f.jpg"",""/uploads/4e07d8ce42149df1.jpg"",""/uploads/2c447ded45875450.jpg"",""/uploads/6ac745a5459f2196.jpg"",""/uploads/f9824ea9eab53a76.jpg"",""/uploads/185dbf333447deef.jpg"",""/uploads/cadd903364105766.jpg""]"
"B0CJ7W4KD3","","[""/uploads/393df2a9d07d8c19.jpg"",""/uploads/e22e753cd0624b17.jpg"",""/uploads/567618c6ec8d0396.jpg"",""/uploads/74a3833e01f154a4.jpg"",""/uploads/a66b1ed16eb92ea7.jpg"",""/uploads/14b376f31c6081e1.jpg"",""/uploads/0212486acd1de931.jpg""]"
"B0CJ7TXZ3S","","[""/uploads/792a2fc9c60a7de7.jpg"",""/uploads/1c30c438281eda6e.jpg"",""/uploads/5b6a78324df2012a.jpg"",""/uploads/8aa16c76cd10f85e.jpg"",""/uploads/254748e527ac35b3.jpg"",""/uploads/b004bd8d5ad894b5.jpg"",""/uploads/7f765ee751b6dcf8.jpg""]"
"B0CJ7WBX27","","[""/uploads/6fee16d56083835f.jpg"",""/uploads/32633b91b4734f4f.jpg"",""/uploads/1e6507d7cf223aea.jpg"",""/uploads/f3c2ded35f1b7378.jpg"",""/uploads/254748e527ac35b3.jpg"",""/uploads/0f2170968860b750.jpg"",""/uploads/b938a310f191a886.jpg""]"
"B0CJ7WT9TV","","[""/uploads/091f7f6ca2d232af.jpg"",""/uploads/d305fcaa4a911a43.jpg"",""/uploads/254748e527ac35b3.jpg"",""/uploads/2e240f0ed26bf26a.jpg"",""/uploads/1ab8ad98e9344a9f.jpg"",""/uploads/b94d61cb4f35a9ed.jpg""]"
"B0CJ7TXNCK","","[""/uploads/5c3fe039cb48e9fb.jpg"",""/uploads/948ebf13da4b22ce.jpg"",""/uploads/b2b0a938a3955501.jpg"",""/uploads/c9b3ae0af26a98b4.jpg"",""/uploads/cc534cc17e99f60a.jpg""]"
"B0CJ87ZYHR","","[""/uploads/5674839f478c850e.jpg"",""/uploads/6befccef1963bd58.jpg"",""/uploads/ed14bf43a278903f.jpg"",""/uploads/f7b23f384569df8b.jpg"",""/uploads/92b83a2917e19930.jpg""]"
"B0CJ7R9JDG","","[""/uploads/6058346c55b7b15f.jpg"",""/uploads/29c210fc583eab60.jpg"",""/uploads/add6b3d7e402ca03.jpg"",""/uploads/2634f0ac749093ab.jpg"",""/uploads/7c82644c3b3ea81a.jpg"",""/uploads/7f9a5303ae37c721.jpg""]"
"B0CJ7QV4TZ","","[""/uploads/a434070f01414e46.jpg"",""/uploads/ab4bb8731d484442.jpg"",""/uploads/052bccbfc12f6d38.jpg"",""/uploads/383c1cf90cf173f5.jpg"",""/uploads/64e95baff76f439d.jpg""]"
"B0CJ7QDX6N","","[""/uploads/332e2c939545fe51.jpg"",""/uploads/29e6cc51f3a8271c.jpg"",""/uploads/add6b3d7e402ca03.jpg"",""/uploads/2634f0ac749093ab.jpg"",""/uploads/7c82644c3b3ea81a.jpg"",""/uploads/7f9a5303ae37c721.jpg""]"
"B0CJ7QW8LF","","[""/uploads/7555b7af2927faa7.jpg"",""/uploads/2b755fc753752478.jpg"",""/uploads/add6b3d7e402ca03.jpg"",""/uploads/2634f0ac749093ab.jpg"",""/uploads/7c82644c3b3ea81a.jpg"",""/uploads/7f9a5303ae37c721.jpg""]"
"B0CJ7QG9VV","","[""/uploads/7b56f34fc1adc769.jpg"",""/uploads/56cb589de7bc9cf0.jpg"",""/uploads/6468259f28af3517.jpg"",""/uploads/c362ebb90453c8e2.jpg""]"
"B0CJ7Q92P6","","[""/uploads/b70ca070568343d2.jpg"",""/uploads/38d6efc100d8398a.jpg"",""/uploads/052bccbfc12f6d38.jpg""]"
"B0CJ8XTSL1","","[""/uploads/bcf1b704c4f6b146.jpg"",""/uploads/c2dcba18fa78e979.jpg"",""/uploads/9deec70efa3ec7b3.jpg"",""/uploads/0ca4bd1ad93ae003.jpg"",""/uploads/59680612b69dd006.jpg"",""/uploads/b91ce8cb63a200d5.jpg"",""/uploads/d5564bf5cb75fba6.jpg""]"
"B0CJ8XDDRW","","[""/uploads/dd122a924f1d9896.jpg"",""/uploads/c2dcba18fa78e979.jpg"",""/uploads/9deec70efa3ec7b3.jpg"",""/uploads/0ca4bd1ad93ae003.jpg"",""/uploads/59680612b69dd006.jpg"",""/uploads/b91ce8cb63a200d5.jpg"",""/uploads/d5564bf5cb75fba6.jpg""]"
"B0CJ8XT1LY","","[""/uploads/00d79e62eb7c8de3.jpg"",""/uploads/c2dcba18fa78e979.jpg"",""/uploads/9deec70efa3ec7b3.jpg"",""/uploads/0ca4bd1ad93ae003.jpg"",""/uploads/59680612b69dd006.jpg"",""/uploads/b91ce8cb63a200d5.jpg"",""/uploads/d5564bf5cb75fba6.jpg""]"
"B0CJ8XZNNG","","[""/uploads/93cacf5891ece01f.jpg"",""/uploads/c2dcba18fa78e979.jpg"",""/uploads/9deec70efa3ec7b3.jpg"",""/uploads/0ca4bd1ad93ae003.jpg"",""/uploads/59680612b69dd006.jpg"",""/uploads/b91ce8cb63a200d5.jpg"",""/uploads/d5564bf5cb75fba6.jpg""]"
"B0CJ8X1YTK","","[""/uploads/a1bcc3ed215fa252.jpg"",""/uploads/c2dcba18fa78e979.jpg"",""/uploads/59680612b69dd006.jpg"",""/uploads/0ca4bd1ad93ae003.jpg"",""/uploads/b91ce8cb63a200d5.jpg"",""/uploads/d5564bf5cb75fba6.jpg""]"
"B0CJ7QWVK8","","[""/uploads/5cd5576d33bb4fbd.jpg"",""/uploads/7045da4f39c40148.jpg"",""/uploads/34b704a2e9ebe9d1.jpg"",""/uploads/6311867ee7a4d013.jpg"",""/uploads/ad4da6e77e6aa374.jpg"",""/uploads/96d5d915585f3871.jpg""]"
"B0CJ7R296T","","[""/uploads/b174e544d94e1f9d.jpg"",""/uploads/5461ec7c47a30d70.jpg"",""/uploads/c6cd56a29c42a507.jpg"",""/uploads/e72e0758e02285a9.jpg"",""/uploads/c94d2a3941ac1309.jpg"",""/uploads/0138063a907a04fe.jpg""]"
"B0CJ7RM52P","","[""/uploads/2d9157c4b3c1bf45.jpg"",""/uploads/e8f4ea70d5279a9f.jpg"",""/uploads/0dcb499bbcbfbd69.jpg"",""/uploads/40256f25819a7ff8.jpg"",""/uploads/19a2a274bf6f0adc.jpg"",""/uploads/ea97379c267ee9c4.jpg"",""/uploads/ced33ac2f26a72c6.jpg""]"
"B0CJ7QT2XS","","[""/uploads/38ad6e84379d06b6.jpg"",""/uploads/f3de81ba33b2a6c4.jpg"",""/uploads/ac25b98c15c04103.jpg"",""/uploads/0ea179d8610a60c2.jpg"",""/uploads/d890ba56c082db98.jpg"",""/uploads/398ef92542313a4e.jpg"",""/uploads/21acef3c0052183d.jpg""]"
"B0CJ7RF99S","","[""/uploads/07426390c5ba5295.jpg"",""/uploads/ae4b6935dc7e7ee2.jpg"",""/uploads/2e369bd1028325e8.jpg"",""/uploads/92a7daa73c2b4264.jpg"",""/uploads/f930b1f65effa0c1.jpg"",""/uploads/f79a1150e29df49a.jpg"",""/uploads/2df33928e1489f8e.jpg""]"
"B0CJ81K3JJ","","[""/uploads/315c408b1ee3a302.jpg"",""/uploads/96e66d355e1d9dda.jpg"",""/uploads/ae72a1052ef7fe9a.jpg"",""/uploads/48888a77f47e5948.jpg"",""/uploads/2a16f6bcd797559a.jpg"",""/uploads/0e40e97c520db400.jpg""]"
"B0CJ8198GW","","[""/uploads/e0099361103f4780.jpg"",""/uploads/c63315c799124928.jpg"",""/uploads/ba125da978d25274.jpg"",""/uploads/b76d6f010f58150e.jpg"",""/uploads/921ffc244de2e251.jpg"",""/uploads/87e907cbe79607ae.jpg"",""/uploads/239e2b1a4497511f.jpg""]"
"B0CJ82Q7FR","","[""/uploads/6c2544c126e2d045.jpg"",""/uploads/6f61226ae7b22ede.jpg"",""/uploads/e5d83ac47d9c6320.jpg""]"
"B0CJ8212KB","","[""/uploads/421ad950a5aedc56.jpg"",""/uploads/68369d5685952a33.jpg"",""/uploads/67dc9daed9804f03.jpg"",""/uploads/3b5a78ded31980d9.jpg""]"
"B0CJ81R1FP","","[""/uploads/f49c83664310b507.jpg"",""/uploads/d6bf34c0b6af57d4.jpg"",""/uploads/65c332f63d4a71d1.jpg"",""/uploads/f556d23266ade8e4.jpg""]"
"B0CJ812QWX","","[""/uploads/65dabbe1c191c5f0.jpg"",""/uploads/6b62ba5c645a5c5b.jpg"",""/uploads/8b1512857022a421.jpg"",""/uploads/12f6d98e229a45db.jpg""]"
"B0CJ7PXS15","","[""/uploads/75ee972ec88d5755.jpg"",""/uploads/96f052c1ec400c43.jpg"",""/uploads/086a72501c4f2691.jpg"",""/uploads/9c56d0ae54328b58.jpg"",""/uploads/7720a190f20943f1.jpg"",""/uploads/74de426ed4365ca4.jpg"",""/uploads/000ee3853d8f33d6.jpg""]"
"B0CJ7PJWB6","","[""/uploads/674052a561ba8ab9.jpg"",""/uploads/96f052c1ec400c43.jpg"",""/uploads/086a72501c4f2691.jpg"",""/uploads/9c56d0ae54328b58.jpg"",""/uploads/7720a190f20943f1.jpg"",""/uploads/74de426ed4365ca4.jpg"",""/uploads/000ee3853d8f33d6.jpg""]"
"B0CJ7PQ173","","[""/uploads/ae75ff7db8025aca.jpg"",""/uploads/96f052c1ec400c43.jpg"",""/uploads/086a72501c4f2691.jpg"",""/uploads/9c56d0ae54328b58.jpg"",""/uploads/7720a190f20943f1.jpg"",""/uploads/74de426ed4365ca4.jpg"",""/uploads/000ee3853d8f33d6.jpg""]"
"B0CJ8ZPG5D","","[""/uploads/bc171412a2f6a221.jpg"",""/uploads/c2dcba18fa78e979.jpg"",""/uploads/9deec70efa3ec7b3.jpg"",""/uploads/0ca4bd1ad93ae003.jpg"",""/uploads/59680612b69dd006.jpg"",""/uploads/b91ce8cb63a200d5.jpg"",""/uploads/d5564bf5cb75fba6.jpg""]"
"B0CJ8VQHKJ","","[""/uploads/fff50aa9a59d1504.jpg"",""/uploads/c2dcba18fa78e979.jpg"",""/uploads/9deec70efa3ec7b3.jpg"",""/uploads/0ca4bd1ad93ae003.jpg"",""/uploads/59680612b69dd006.jpg"",""/uploads/b91ce8cb63a200d5.jpg"",""/uploads/d5564bf5cb75fba6.jpg""]"
"B0CJ8XXNMZ","","[""/uploads/02b396aaaebc6ac5.jpg"",""/uploads/c2dcba18fa78e979.jpg"",""/uploads/9deec70efa3ec7b3.jpg"",""/uploads/0ca4bd1ad93ae003.jpg"",""/uploads/59680612b69dd006.jpg"",""/uploads/b91ce8cb63a200d5.jpg"",""/uploads/d5564bf5cb75fba6.jpg""]"
"B0CJ8YNX5B","","[""/uploads/3aff763d084bfbaf.jpg"",""/uploads/c2dcba18fa78e979.jpg"",""/uploads/9deec70efa3ec7b3.jpg"",""/uploads/0ca4bd1ad93ae003.jpg"",""/uploads/59680612b69dd006.jpg"",""/uploads/b91ce8cb63a200d5.jpg"",""/uploads/d5564bf5cb75fba6.jpg""]"
"B0CJ8XHDRS","","[""/uploads/6bd3f64117c192d9.jpg"",""/uploads/c2dcba18fa78e979.jpg"",""/uploads/59680612b69dd006.jpg"",""/uploads/0ca4bd1ad93ae003.jpg"",""/uploads/b91ce8cb63a200d5.jpg"",""/uploads/d5564bf5cb75fba6.jpg""]"
"B0CJ8Y6636","","[""/uploads/6708bce1c964a553.jpg"",""/uploads/c2dcba18fa78e979.jpg"",""/uploads/9deec70efa3ec7b3.jpg"",""/uploads/0ca4bd1ad93ae003.jpg"",""/uploads/59680612b69dd006.jpg"",""/uploads/b91ce8cb63a200d5.jpg"",""/uploads/d5564bf5cb75fba6.jpg""]"
"B0CJ8W3CZ9","","[""/uploads/82801b72221397a4.jpg"",""/uploads/c2dcba18fa78e979.jpg"",""/uploads/9deec70efa3ec7b3.jpg"",""/uploads/0ca4bd1ad93ae003.jpg"",""/uploads/59680612b69dd006.jpg"",""/uploads/b91ce8cb63a200d5.jpg"",""/uploads/d5564bf5cb75fba6.jpg""]"
"B0CJ8VMHQ1","","[""/uploads/62d8cb467da9f897.jpg"",""/uploads/c2dcba18fa78e979.jpg"",""/uploads/9deec70efa3ec7b3.jpg"",""/uploads/0ca4bd1ad93ae003.jpg"",""/uploads/59680612b69dd006.jpg"",""/uploads/b91ce8cb63a200d5.jpg"",""/uploads/d5564bf5cb75fba6.jpg""]"
"B0CJ8VX1D2","","[""/uploads/e1960209ca4a413c.jpg"",""/uploads/c2dcba18fa78e979.jpg"",""/uploads/9deec70efa3ec7b3.jpg"",""/uploads/0ca4bd1ad93ae003.jpg"",""/uploads/59680612b69dd006.jpg"",""/uploads/b91ce8cb63a200d5.jpg"",""/uploads/d5564bf5cb75fba6.jpg""]"
"B0CJ8VWBFT","","[""/uploads/842b4df774e3196a.jpg"",""/uploads/c2dcba18fa78e979.jpg"",""/uploads/59680612b69dd006.jpg"",""/uploads/0ca4bd1ad93ae003.jpg"",""/uploads/b91ce8cb63a200d5.jpg"",""/uploads/d5564bf5cb75fba6.jpg""]"
"B0CJ7X3CBF","","[""/uploads/a38233bb6074ee86.jpg"",""/uploads/65690f45b6e1532b.jpg"",""/uploads/ab4fb3a2d442bc68.jpg"",""/uploads/77de8f2ff0108a65.jpg"",""/uploads/f770cc179184ca73.jpg"",""/uploads/b4fe5be38fbceb0c.jpg"",""/uploads/b064481e266c42f9.jpg""]"
"B0CJ7TZPYJ","","[""/uploads/3683be69fecfb222.jpg"",""/uploads/65690f45b6e1532b.jpg"",""/uploads/f770cc179184ca73.jpg"",""/uploads/77de8f2ff0108a65.jpg"",""/uploads/b4fe5be38fbceb0c.jpg"",""/uploads/b064481e266c42f9.jpg""]"
"B0CJ7XNNR8","","[""/uploads/d6ad62407d144bbe.jpg"",""/uploads/65690f45b6e1532b.jpg"",""/uploads/ab4fb3a2d442bc68.jpg"",""/uploads/77de8f2ff0108a65.jpg"",""/uploads/f770cc179184ca73.jpg"",""/uploads/b4fe5be38fbceb0c.jpg"",""/uploads/b064481e266c42f9.jpg""]"
"B0CJ813TTW","","[""/uploads/20eac482baf64502.jpg"",""/uploads/1d55f6801e5225f9.jpg"",""/uploads/9ead96573a47583f.jpg"",""/uploads/8f0b1d3cab0e662b.jpg"",""/uploads/9ba270bebe623a74.jpg"",""/uploads/2edc2d4ec3851f6b.jpg""]"
"B0CJ7ZFSK1","","[""/uploads/1d02cb5c0675f04d.jpg"",""/uploads/4fd998ecef37991d.jpg"",""/uploads/34139eb277b83907.jpg"",""/uploads/58ac230ebbd36455.jpg"",""/uploads/50ffe0f08598552e.jpg"",""/uploads/1b0934e9377485c4.jpg""]"
"B0CJ7ZL6WW","","[""/uploads/00915a93cc6c1216.jpg"",""/uploads/deb5ca5d5d9d5448.jpg"",""/uploads/f86d2e4818824d33.jpg"",""/uploads/f277f3ccda3808d4.jpg"",""/uploads/f716e9a8a88f7965.jpg""]"
"B0CJ7ZGMG4","","[""/uploads/3f12631817f2d36c.jpg"",""/uploads/67ea675d629c15a1.jpg"",""/uploads/dd0a9f3c025facc5.jpg"",""/uploads/7f0bcf14f2c32012.jpg"",""/uploads/db2cfdc6dc6edc61.jpg"",""/uploads/365da352d95b470a.jpg""]"
"B0CJ7Y4NS2","","[""/uploads/c07bf090faf7e33d.jpg"",""/uploads/8ba8969ab0916600.jpg"",""/uploads/84907431c29ef6b1.jpg"",""/uploads/dd5df036fdfd1afc.jpg"",""/uploads/07fbaecd89d48e53.jpg"",""/uploads/07148886cf6069ab.jpg"",""/uploads/16e64358b58f417d.jpg""]"
"B0FF4FVND3","","[""/uploads/1b4639a16bb52924.jpg"",""/uploads/6d3db2336396c4b6.jpg"",""/uploads/ea6c980855a42622.jpg"",""/uploads/df3cb8e4af47ae05.jpg"",""/uploads/a0dc59ee3607aaac.jpg"",""/uploads/39260f1d5878521e.jpg""]"
"B0FF47DNMG","","[""/uploads/9a2b47a52b2a08aa.jpg"",""/uploads/809af6329dc9ff98.jpg"",""/uploads/b4f2509965b35b32.jpg"",""/uploads/c76b856eba1e6cd9.jpg"",""/uploads/b30e7386e18fb3c9.jpg""]"
"B0FF4HZW6P","","[""/uploads/71de08dfb4805cb6.jpg"",""/uploads/22339bab08ca0adc.jpg"",""/uploads/4cac5d48f1d902b7.jpg"",""/uploads/fb405878c34e67b6.jpg"",""/uploads/dd8ef52401773f12.jpg""]"
"B0FF4L7BGV","","[""/uploads/c72db30e93135102.jpg"",""/uploads/9635e5147f8d84f8.jpg"",""/uploads/220bb5c7c4bda501.jpg"",""/uploads/c6f7d4d820874925.jpg"",""/uploads/69e1646ed46c6161.jpg""]"
"B0FF4654RK","","[""/uploads/6b05c23c9eac2c2a.jpg"",""/uploads/8446a7fca94e3eeb.jpg"",""/uploads/4847e6b1f0bfdbb2.jpg"",""/uploads/1529f691e1ac2f5d.jpg"",""/uploads/766fa5c0f91069e7.jpg"",""/uploads/13d9746402e759a4.jpg""]"
"B0FHDCZXGD","","[""/uploads/b4863246f87cfa7a.jpg"",""/uploads/ca18b0211e60209d.jpg"",""/uploads/c81a1b1ab6f15334.jpg"",""/uploads/5605f86ff7561172.jpg"",""/uploads/f538b7103789c3cb.jpg"",""/uploads/1c701f0966f28ce3.jpg""]"
"B0FHDFMJMY","","[""/uploads/22ecb71b5dded5b2.jpg"",""/uploads/965d3a6e97129436.jpg"",""/uploads/f46ad15a4c63e35b.jpg"",""/uploads/4ba4c45cc36250d6.jpg"",""/uploads/288fea618f009173.jpg"",""/uploads/04a4b84bc541a0ca.jpg""]"
"B0FHDBL8NP","","[""/uploads/9da4700a6741b553.jpg"",""/uploads/60d853022b9f0e6a.jpg"",""/uploads/f919ceb734b9dd3f.jpg"",""/uploads/2ebb39c88dd23744.jpg"",""/uploads/c9737e24b94b6bb7.jpg"",""/uploads/fcf7b7ced9ad7aa6.jpg""]"
"B0FHD4V7LN","","[""/uploads/4c3c1f3825f98c28.jpg"",""/uploads/8985578789bd9d54.jpg"",""/uploads/af06737c3c995197.jpg"",""/uploads/d66f707e1eea444d.jpg"",""/uploads/45f58b871d213f84.jpg"",""/uploads/d7165667cb51ba51.jpg""]"
"B0FHDHGC2Q","","[""/uploads/7391f7e601d077fd.jpg"",""/uploads/c08419f06262ed26.jpg"",""/uploads/75a8fb57d79e251c.jpg"",""/uploads/29206e0dc5d72532.jpg"",""/uploads/0023c4a6412ad1c4.jpg"",""/uploads/a1097ee4124f3b59.jpg""]"
"B0FHDXZLV5","","[""/uploads/31fcde9b1b9373f4.jpg"",""/uploads/75abe7a081e1d16b.jpg"",""/uploads/7b970e0ff5de6e7e.jpg"",""/uploads/3268a92ea0408a2f.jpg"",""/uploads/072f156310fe23e5.jpg"",""/uploads/b594a618ce905c3f.jpg""]"
"B0FHHGHGJD","","[""/uploads/cb826591490bc1fb.jpg"",""/uploads/e669a7f8b5723062.jpg"",""/uploads/28b39d0164471e62.jpg"",""/uploads/487721d64b00b59b.jpg"",""/uploads/473f65b33eaba860.jpg"",""/uploads/9a44cd8b2f8fa999.jpg""]"
"B0FHHGZ2HC","","[""/uploads/cce5c28f8a58394b.jpg"",""/uploads/b8f2840be6f6c781.jpg"",""/uploads/46300427de53c0cf.jpg"",""/uploads/f57d4f9c95baaea7.jpg"",""/uploads/a264f320802f26d3.jpg"",""/uploads/0fa851613c36c480.jpg""]"
"B0FJ8VY5KN","","[""/uploads/721ffec3ee82c874.jpg"",""/uploads/3e39e5e95decc39d.jpg"",""/uploads/22848d60b7dd97eb.jpg"",""/uploads/d9cf5a7a31215e26.jpg"",""/uploads/a429e3ff99dfc5c4.jpg"",""/uploads/032f9d4c128a57f9.jpg""]"
"B0FJ8YFNJ4","","[""/uploads/de1c7d1139e18bec.jpg"",""/uploads/2868e173b3daf28f.jpg"",""/uploads/688bd2948dbc03b2.jpg"",""/uploads/b6f3ac43e77c44f6.jpg"",""/uploads/d64030f8372c468d.jpg"",""/uploads/e935f4de036afee1.jpg""]"
"B0FF47P2L4","","[""/uploads/09bd691e3d7a19be.jpg"",""/uploads/77f638dcb0071b4a.jpg"",""/uploads/4dc951108d817333.jpg"",""/uploads/1826b70eeee7db8a.jpg"",""/uploads/59ec12b39a1a8201.jpg"",""/uploads/3665189af9fe67da.jpg""]"
"B0FJ8YWTRD","","[""/uploads/a5ebf8b79cdcc6ed.jpg"",""/uploads/3318df985b669792.jpg"",""/uploads/cad2483625658208.jpg"",""/uploads/72563e03e69449dc.jpg"",""/uploads/a16dc52492d1f1ac.jpg"",""/uploads/1e734dec1adfa525.jpg""]"
"B0FJ8YMRXX","","[""/uploads/a7fa50a00217bca4.jpg"",""/uploads/648c735a7b5e1208.jpg"",""/uploads/253e1e79347d43de.jpg"",""/uploads/e4b479f76cc01562.jpg"",""/uploads/df15729e80837211.jpg"",""/uploads/f9ce33304007070e.jpg""]"
"B0FL17G6FT","","[""/uploads/c7ccc8a6f94e8c08.jpg"",""/uploads/995338f1509c3c99.jpg"",""/uploads/8dad71ec629785e3.jpg"",""/uploads/6d1f05ce59a787a8.jpg"",""/uploads/5b5700b8d7d52776.jpg"",""/uploads/354bd6f93469ac8e.jpg""]"
"B0FL2S2B9D","","[""/uploads/39b81097b3fa0309.jpg"",""/uploads/3776058558088b26.jpg"",""/uploads/d46f77e621b1fe3f.jpg"",""/uploads/709652f2fb0e7028.jpg"",""/uploads/72bb0f3bcbcad05e.jpg"",""/uploads/aa102a4345e55e61.jpg""]"
"B0FL2XMDVS","","[""/uploads/a22ee72ef7394156.jpg"",""/uploads/713251ec3b2f84bb.jpg"",""/uploads/059c71d0adefceed.jpg"",""/uploads/b558111a7ad819b3.jpg"",""/uploads/800c907fab40a891.jpg"",""/uploads/97a61ad24dea9b2a.jpg""]"
"B0FL2VQFFY","","[""/uploads/21d19fb877bbb7a4.jpg"",""/uploads/66bda1968ee170d4.jpg"",""/uploads/b96e8925acfed438.jpg"",""/uploads/016b1d78ea8781db.jpg"",""/uploads/b739cce0b6d7e2ce.jpg"",""/uploads/29031427aeb42a10.jpg"",""/uploads/72ccc9f82f6e8d96.jpg""]"
"B0FLDC5WLT","","[""/uploads/3b9745e5c6f51521.jpg"",""/uploads/bfbb2f21dbea3c2f.jpg"",""/uploads/6b5ae1452fb1c1c4.jpg"",""/uploads/6059fbcf7191ff56.jpg"",""/uploads/e0f3fa7f84bd8b31.jpg"",""/uploads/c9fb555999b3d2e2.jpg""]"
"B0FLDDC8KN","","[""/uploads/393bd5ab5cde6004.jpg"",""/uploads/6714d75b767b397a.jpg"",""/uploads/c63e82579291dd57.jpg"",""/uploads/ceffc954a0d4ace3.jpg"",""/uploads/bcdbb5c7131fbe41.jpg"",""/uploads/d5b068ecfca66ee2.jpg""]"
"B0FLDC1C55","","[""/uploads/cc15a67441548937.jpg"",""/uploads/588eb18ebdff8a3a.jpg"",""/uploads/ae0cc9a24c3fccee.jpg"",""/uploads/fe857c33cea4a29d.jpg"",""/uploads/9a0cab4f756aac52.jpg"",""/uploads/39915c921d1ac5bd.jpg""]"
"B0FF45CKPC","","[""/uploads/fdd6be577197851b.jpg"",""/uploads/bd3866252041b96e.jpg"",""/uploads/e0dbb248e61f0e6f.jpg"",""/uploads/ed99133afa04ea2b.jpg"",""/uploads/b5c3a1bdebee1294.jpg"",""/uploads/2cdd294ba85b6702.jpg""]"
"B0FF45DMG3","","[""/uploads/bfc0cff6f7d99631.jpg"",""/uploads/966e9d646c0af8f8.jpg"",""/uploads/285917f5c10d689d.jpg"",""/uploads/cc12368f5fcc0349.jpg"",""/uploads/de7f8154f4c022fd.jpg"",""/uploads/7eaab2125f221601.jpg""]"
"B0FF45D3NP","","[""/uploads/ef8ab5a6ef4ab8db.jpg"",""/uploads/e81405ccbce4e2fb.jpg"",""/uploads/b0e7e65c9efddbba.jpg"",""/uploads/fca08bf6df996496.jpg"",""/uploads/5da9a40b3cb59470.jpg"",""/uploads/a7ceb367e1cd8cfa.jpg""]"
"B0FHDD9RQL","","[""/uploads/4c23ed49bad5fba5.jpg"",""/uploads/fe63788c913001b3.jpg"",""/uploads/f09b340aca0576d5.jpg"",""/uploads/b02cfbc91dfce3d1.jpg"",""/uploads/fc3edae9088af8c5.jpg"",""/uploads/3b24f758de49f4c5.jpg""]"
"B0FL16YBLR","","[""/uploads/42e32e943c94b8d9.jpg"",""/uploads/2a3ab9e29c60ea12.jpg"",""/uploads/629c88607aaad702.jpg"",""/uploads/3789b21a578b25e1.jpg"",""/uploads/b7702f8efcc76001.jpg"",""/uploads/e4cd3f1e5b22d629.jpg""]"
"B0CKQYJ4GW","","[""/uploads/561d82e6df382cd9.jpg"",""/uploads/fdde87fafef2ebaa.jpg"",""/uploads/0d716de4a9a690bd.jpg"",""/uploads/a00dacc680217f72.jpg"",""/uploads/87feb06dfdce196a.jpg"",""/uploads/aec923d312e72ccc.jpg""]"
"B0CKQYF5J5","","[""/uploads/d62b0eac94657854.jpg"",""/uploads/97487b79025eebe9.jpg""]"
"B0F29PR1LL","","[""/uploads/bba50951f5a3d877.jpg"",""/uploads/72d08fbc5884a44f.jpg"",""/uploads/5b8c00f59f62bf5a.jpg"",""/uploads/7f156bf4e8f164a6.jpg"",""/uploads/99c6ca281b2ccee1.jpg"",""/uploads/73763d97d20b1eea.jpg"",""/uploads/842b833b30dadd06.jpg""]"
"B0F1Y6SQDP","","[""/uploads/0fa66daf62a6c18f.jpg"",""/uploads/575be047bf00349b.jpg"",""/uploads/3a9959e128881aa4.jpg"",""/uploads/497d5c66ca3c7b0b.jpg"",""/uploads/7eb43283d0d9b7fd.jpg"",""/uploads/ddf3d4940964b133.jpg""]"
"B0F1Y4T1WQ","","[""/uploads/3d59110a605082d9.jpg"",""/uploads/cbc30ef8551b38b2.jpg"",""/uploads/1c3e9f9d10b61212.jpg"",""/uploads/c8818cb8b47cfbcd.jpg"",""/uploads/7b97def3cdd398dc.jpg"",""/uploads/c72e35b9cd9a89f8.jpg""]"
"B0F1Y83DKP","","[""/uploads/a736f8cfa6927043.jpg"",""/uploads/65b890176e12cfb8.jpg"",""/uploads/404371aecc6fb8bb.jpg"",""/uploads/3a5810027c4ce9e4.jpg"",""/uploads/9436a739d34d5dfc.jpg"",""/uploads/5f0a0210fd9c8c38.jpg""]"
"B0F1Y5RCVF","","[""/uploads/4b49ca94887efe5a.jpg"",""/uploads/9a2b0d3b6f158929.jpg"",""/uploads/404371aecc6fb8bb.jpg"",""/uploads/3a5810027c4ce9e4.jpg"",""/uploads/9436a739d34d5dfc.jpg"",""/uploads/5f0a0210fd9c8c38.jpg""]"
"B0F1YBS359","","[""/uploads/9b0888a3af43ed32.jpg"",""/uploads/231c457badb7d22f.jpg"",""/uploads/3a9959e128881aa4.jpg"",""/uploads/7eb43283d0d9b7fd.jpg"",""/uploads/ddf3d4940964b133.jpg"",""/uploads/f0739511c9444430.jpg""]"
"B0F1Y6Q3FQ","","[""/uploads/3da886c223627261.jpg"",""/uploads/550afff94b22096b.jpg"",""/uploads/404371aecc6fb8bb.jpg"",""/uploads/9436a739d34d5dfc.jpg"",""/uploads/5f0a0210fd9c8c38.jpg"",""/uploads/ef15d54c61bcd822.jpg""]"
"B0FFTJM9W4","","[""/uploads/9dbf080337f9f691.jpg"",""/uploads/d15b061a3077a94e.jpg"",""/uploads/7c5f75be7e1c9439.jpg""]"
"B0FFMJP64T","","[""/uploads/8331eee6b5acffd9.jpg"",""/uploads/b3695e8e571ed113.jpg"",""/uploads/7c5f75be7e1c9439.jpg"",""/uploads/1f6dc8a43a515674.jpg""]"
"B0F1LKD8N5","","[""/uploads/834daf444c6ca9fc.jpg"",""/uploads/7234a6948c0c6ec9.jpg"",""/uploads/1c3e9f9d10b61212.jpg"",""/uploads/c8818cb8b47cfbcd.jpg"",""/uploads/7b97def3cdd398dc.jpg"",""/uploads/c72e35b9cd9a89f8.jpg""]"
"B0CLKJLK11","","[""/uploads/68a186634c1dd26d.jpg"",""/uploads/92c58487dbf8c936.jpg"",""/uploads/c1baa42244c397aa.jpg"",""/uploads/1460878619805b03.jpg"",""/uploads/da558a69652353e4.jpg"",""/uploads/b1c91e2737bce447.jpg"",""/uploads/1742242b93956f32.jpg""]"
"B0CJ8Y4GYB","","[""/uploads/d8ba4f8e6ecf4a24.jpg"",""/uploads/c2dcba18fa78e979.jpg"",""/uploads/9deec70efa3ec7b3.jpg"",""/uploads/0ca4bd1ad93ae003.jpg"",""/uploads/59680612b69dd006.jpg"",""/uploads/b91ce8cb63a200d5.jpg"",""/uploads/d5564bf5cb75fba6.jpg""]"
"B0CJ7Y2Y2R","","[""/uploads/e85ca49e8acc21fa.jpg"",""/uploads/65690f45b6e1532b.jpg"",""/uploads/ab4fb3a2d442bc68.jpg"",""/uploads/77de8f2ff0108a65.jpg"",""/uploads/f770cc179184ca73.jpg"",""/uploads/b4fe5be38fbceb0c.jpg"",""/uploads/b064481e266c42f9.jpg""]"
